Date,Close,Change,Momentum
2012-06-05,25.8700008392334,0.0,0
2012-06-06,26.809999465942386,0.036335469509665576,1
2012-06-07,26.309999465942386,0.018649757924656667,0
2012-06-08,27.10000038146973,0.03002664126048271,1
2012-06-11,27.01000022888184,0.0033210387941333894,0
2012-06-12,27.399999618530273,0.014439073911277014,1
2012-06-13,27.270000457763672,0.004744494984543167,0
2012-06-14,28.290000915527344,0.03740375653251159,1
2012-06-15,30.01000022888184,0.06079884261899939,1
2012-06-18,31.40999984741211,0.04665110322734687,1
2012-06-19,31.90999984741211,0.015918497371186564,1
2012-06-20,31.60000038146973,0.009714806249600158,0
2012-06-21,31.84000015258789,0.0075949293740799,1
2012-06-22,33.049999237060554,0.038002483626694235,1
2012-06-25,32.060001373291016,0.02995455027603771,0
2012-06-26,33.09999847412109,0.03243908472494596,1
2012-06-27,32.22999954223633,0.02628395685773094,0
2012-06-28,31.36000061035156,0.0269934515743528,0
2012-06-29,31.10000038146973,0.008290823463696168,0
2012-07-02,30.770000457763672,0.01061092989255015,0
2012-07-03,31.20000076293945,0.013974660343798696,1
2012-07-05,31.46999931335449,0.008653799481176732,1
2012-07-06,31.729999542236328,0.008261844123126713,1
2012-07-09,32.169998168945305,0.013866959755964945,1
2012-07-10,31.46999931335449,0.02175936883535627,0
2012-07-11,30.96999931335449,0.015888147788672556,0
2012-07-12,30.809999465942386,0.005166285145608937,0
2012-07-13,30.71999931335449,0.0029211345065872072,0
2012-07-16,28.25,0.08040362527875251,0
2012-07-17,28.09000015258789,0.005663711412818031,0
2012-07-18,29.11000061035156,0.036311870851652425,1
2012-07-19,29.0,0.003778791069913017,0
2012-07-20,28.76000022888184,0.008275854176488294,0
2012-07-23,28.75,0.000347713101608285,0
2012-07-24,28.45000076293945,0.01043475607167132,0
2012-07-25,29.34000015258789,0.03128293025593882,1
2012-07-26,26.85000038146973,0.08486706742223837,0
2012-07-27,23.709999084472656,0.11694604291939287,0
2012-07-30,23.149999618530273,0.023618704663262453,0
2012-07-31,21.709999084472656,0.0622030478525355,0
2012-08-01,20.8799991607666,0.038231227946005954,0
2012-08-02,20.040000915527344,0.04022980263416915,0
2012-08-03,21.09000015258789,0.05239516911633418,1
2012-08-06,21.920000076293945,0.03935514071602356,1
2012-08-07,20.71999931335449,0.054744560162535504,0
2012-08-08,20.71999931335449,0.0,0
2012-08-09,21.01000022888184,0.01399618364564515,1
2012-08-10,21.809999465942386,0.0380770694119656,1
2012-08-13,21.600000381469727,0.009628568987385162,0
2012-08-14,20.3799991607666,0.05648153699801521,0
2012-08-15,21.200000762939453,0.040235605296364836,1
2012-08-16,19.8700008392334,0.06273584320011344,0
2012-08-17,19.049999237060547,0.04126832247302954,0
2012-08-20,20.01000022888184,0.050393754869746794,1
2012-08-21,19.15999984741211,0.04247877919775657,0
2012-08-22,19.440000534057614,0.014613814659467402,1
2012-08-23,19.440000534057614,0.0,0
2012-08-24,19.40999984741211,0.0015432451554178207,0
2012-08-27,19.149999618530273,0.013395169032755101,0
2012-08-28,19.34000015258789,0.009921699104044127,1
2012-08-29,19.100000381469727,0.012409502028160513,0
2012-08-30,19.09000015258789,0.0005235721823093717,0
2012-08-31,18.059999465942386,0.053954985773317275,0
2012-09-04,17.729999542236328,0.018272421565037878,0
2012-09-05,18.57999992370605,0.04794136511085947,1
2012-09-06,18.959999084472656,0.020452053946553986,1
2012-09-07,18.979999542236328,0.0010548765152658317,1
2012-09-10,18.809999465942386,0.008956800863753415,0
2012-09-11,19.43000030517578,0.032961236408112396,1
2012-09-12,20.93000030517578,0.07720020465467664,1
2012-09-13,20.709999084472656,0.010511286072400147,0
2012-09-14,22.0,0.06228879635704684,1
2012-09-17,21.520000457763672,0.021818161010742188,0
2012-09-18,21.8700008392334,0.016263957900774974,1
2012-09-19,23.290000915527344,0.06492912765446972,1
2012-09-20,22.59000015258789,0.030055849524366726,0
2012-09-21,22.86000061035156,0.011952211418322515,1
2012-09-24,20.790000915527344,0.09055116533491558,0
2012-09-25,20.280000686645508,0.02453103445998091,0
2012-09-26,20.6200008392334,0.016765292952469306,1
2012-09-27,20.31999969482422,0.014549036479104866,0
2012-09-28,21.65999984741211,0.06594489038940325,1
2012-10-01,21.989999771118164,0.01523545364869808,1
2012-10-02,22.270000457763672,0.012733091839921839,1
2012-10-03,21.82999992370605,0.019757544904056328,0
2012-10-04,21.950000762939453,0.00549706090942714,1
2012-10-05,20.90999984741211,0.04738045008560041,0
2012-10-08,20.399999618530273,0.024390255026470277,0
2012-10-09,20.229999542236328,0.008333337229061823,0
2012-10-10,19.63999938964844,0.02916461522186794,0
2012-10-11,19.75,0.00560084591497169,1
2012-10-12,19.520000457763672,0.011645546442345727,0
2012-10-15,19.520000457763672,0.0,0
2012-10-16,19.479999542236328,0.002049227181827971,0
2012-10-17,19.8799991607666,0.020533861803384467,1
2012-10-18,18.979999542236328,0.04527161250119329,0
2012-10-19,19.0,0.0010537649233955308,1
2012-10-22,19.31999969482422,0.01684208920127467,1
2012-10-23,19.5,0.009316786129349832,1
2012-10-24,23.229999542236328,0.1912820278069912,1
2012-10-25,22.559999465942386,0.028842018488883774,0
2012-10-26,21.940000534057614,0.02748222280859322,0
2012-10-31,21.11000061035156,0.03783044227449494,0
2012-11-01,21.209999084472656,0.00473701900662484,1
2012-11-02,21.18000030517578,0.0014143696648641726,0
2012-11-05,21.25,0.003304990265137666,1
2012-11-06,21.170000076293945,0.0037647022920496323,0
2012-11-07,20.46999931335449,0.033065694870890144,0
2012-11-08,19.989999771118164,0.023448928106371558,0
2012-11-09,19.209999084472656,0.03901954455109419,0
2012-11-12,20.06999969482422,0.04476838372401051,1
2012-11-13,19.86000061035156,0.010463332718775064,0
2012-11-14,22.36000061035156,0.12588116430857177,1
2012-11-15,22.170000076293945,0.00849734028941184,0
2012-11-16,23.559999465942386,0.06269731099977519,1
2012-11-19,22.920000076293945,0.02716466061782406,0
2012-11-20,23.10000038146973,0.007853416430044358,1
2012-11-21,24.31999969482422,0.052813822216779834,1
2012-11-23,24.0,0.0131578823536055,0
2012-11-26,25.940000534057614,0.0808333555857339,1
2012-11-27,26.149999618530273,0.008095569782157253,1
2012-11-28,26.36000061035156,0.00803063077953071,1
2012-11-29,27.31999969482422,0.03641878081352049,1
2012-11-30,28.0,0.02489020178520015,1
2012-12-03,27.040000915527344,0.03428568158830915,0
2012-12-04,27.459999084472656,0.015532476136276105,1
2012-12-05,27.709999084472656,0.009104151796616894,1
2012-12-06,26.96999931335449,0.026705153214271585,0
2012-12-07,27.489999771118164,0.019280699703473538,1
2012-12-10,27.84000015258789,0.012731916492682103,1
2012-12-11,27.979999542236328,0.005028713681074594,1
2012-12-12,27.57999992370605,0.014295912261416235,0
2012-12-13,28.239999771118164,0.023930378870118056,1
2012-12-14,26.809999465942386,0.05063740498462323,0
2012-12-17,26.75,0.0022379510308683757,0
2012-12-18,27.709999084472656,0.035887816241968455,1
2012-12-19,27.40999984741211,0.01082638928085176,0
2012-12-20,27.36000061035156,0.001824123945234938,0
2012-12-21,26.26000022888184,0.040204691408286676,0
2012-12-24,26.93000030517578,0.025514092553474078,1
2012-12-26,26.51000022888184,0.015595992258983388,0
2012-12-27,26.04999923706055,0.017351979926432892,0
2012-12-28,25.90999984741211,0.005374256957722599,0
2012-12-31,26.6200008392334,0.027402585719899338,1
2013-01-02,28.0,0.051840688101433684,1
2013-01-03,27.770000457763672,0.008214269365583147,0
2013-01-04,28.76000022888184,0.03564997316524685,1
2013-01-07,29.420000076293945,0.02294853415019482,1
2013-01-08,29.059999465942386,0.012236594473758697,0
2013-01-09,30.59000015258789,0.05264971489206763,1
2013-01-10,31.29999923706055,0.02321016936682148,1
2013-01-11,31.71999931335449,0.013418533116021293,1
2013-01-14,30.95000076293945,0.024274860248526573,0
2013-01-15,30.10000038146973,0.027463662698436437,0
2013-01-16,29.85000038146973,0.008305647735270658,0
2013-01-17,30.13999938964844,0.009715209530072114,1
2013-01-18,29.65999984741211,0.015925665293848253,0
2013-01-22,30.729999542236328,0.0360755124858026,1
2013-01-23,30.81999969482422,0.00292873914508822,1
2013-01-24,31.07999992370605,0.008436087977168142,1
2013-01-25,31.540000915527344,0.014800546748728596,1
2013-01-28,32.470001220703125,0.02948637533862392,1
2013-01-29,30.790000915527344,0.05174007520839266,0
2013-01-30,31.239999771118164,0.014615097181237388,1
2013-01-31,30.979999542236328,0.00832267063978054,0
2013-02-01,29.729999542236328,0.040348612603942194,0
2013-02-04,28.11000061035156,0.05449037863533417,0
2013-02-05,28.63999938964844,0.01885445634254839,1
2013-02-06,29.04999923706055,0.01431563743539389,1
2013-02-07,28.649999618530273,0.013769350397089762,0
2013-02-08,28.54999923706055,0.003490414757459357,0
2013-02-11,28.26000022888184,0.010157583745300605,0
2013-02-12,27.3700008392334,0.0314932548634185,0
2013-02-13,27.90999984741211,0.019729594140335278,1
2013-02-14,28.5,0.021139382150250963,1
2013-02-15,28.31999969482422,0.00631580018160636,0
2013-02-19,28.93000030517578,0.02153956980667082,1
2013-02-20,28.459999084472656,0.01624615332683002,0
2013-02-21,27.28000068664551,0.04146164567064003,0
2013-02-22,27.1299991607666,0.0054985895199167155,0
2013-02-25,27.270000457763672,0.005160387074376686,1
2013-02-26,27.38999938964844,0.004400400801995803,1
2013-02-27,26.8700008392334,0.018984978532404304,0
2013-02-28,27.25,0.014142134309566436,1
2013-03-01,27.78000068664551,0.019449566482404087,1
2013-03-04,27.71999931335449,0.002159876594958717,0
2013-03-05,27.520000457763672,0.00721496610912485,0
2013-03-06,27.45000076293945,0.0025435935196169183,0
2013-03-07,28.57999992370605,0.04116572420253722,1
2013-03-08,27.959999084472656,0.02169352137468437,0
2013-03-11,28.13999938964844,0.00643777936587081,1
2013-03-12,27.82999992370605,0.011016328097591434,0
2013-03-13,27.07999992370605,0.026949335323610178,0
2013-03-14,27.040000915527344,0.0014770682530058624,0
2013-03-15,26.649999618530273,0.014423124400603015,0
2013-03-18,26.489999771118164,0.006003746705529343,0
2013-03-19,26.54999923706055,0.002264985521359019,1
2013-03-20,25.86000061035156,0.025988649587071845,0
2013-03-21,25.739999771118164,0.004640403573129054,0
2013-03-22,25.729999542236328,0.0003885092840232578,0
2013-03-25,25.1299991607666,0.02331909802348863,0
2013-03-26,25.209999084472656,0.0031834431507244926,1
2013-03-27,26.09000015258789,0.03490682665899995,1
2013-03-28,25.57999992370605,0.019547728091187922,0
2013-04-01,25.53000068664551,0.0019546222521370452,0
2013-04-02,25.420000076293945,0.004308680273914222,0
2013-04-03,26.25,0.032651452447480196,1
2013-04-04,27.06999969482422,0.03123808361235119,1
2013-04-05,27.38999938964844,0.011821193144874923,1
2013-04-08,26.85000038146973,0.01971518876275674,0
2013-04-09,26.59000015258789,0.009683434830089469,0
2013-04-10,27.56999969482422,0.036855943460419614,1
2013-04-11,28.020000457763672,0.01632211708090562,1
2013-04-12,27.399999618530273,0.022127081695375597,0
2013-04-15,26.520000457763672,0.03211675813934936,0
2013-04-16,26.920000076293945,0.015082941614851082,1
2013-04-17,26.6299991607666,0.010772693711198085,0
2013-04-18,25.690000534057614,0.035298485029389995,0
2013-04-19,25.729999542236328,0.0015569874405291357,1
2013-04-22,25.96999931335449,0.009327624383521495,1
2013-04-23,25.979999542236328,0.0003850685077491356,1
2013-04-24,26.11000061035156,0.00500389031585181,1
2013-04-25,26.13999938964844,0.0011489382840147771,1
2013-04-26,26.85000038146973,0.0271614769854376,1
2013-04-29,26.979999542236328,0.004841681896448526,1
2013-04-30,27.770000457763672,0.029280983281360792,1
2013-05-01,27.43000030517578,0.012243433452765271,0
2013-05-02,28.96999931335449,0.05614287244058558,1
2013-05-03,28.309999465942386,0.02278218374371372,0
2013-05-06,27.56999969482422,0.026139165845213287,0
2013-05-07,26.88999938964844,0.02466450173024252,0
2013-05-08,27.1200008392334,0.008553419665509498,1
2013-05-09,27.040000915527344,0.0029498496028924183,0
2013-05-10,26.68000030517578,0.013313631588852393,0
2013-05-13,26.81999969482422,0.0052473533750776735,1
2013-05-14,27.06999969482422,0.00932140204491671,1
2013-05-15,26.60000038146973,0.01736236862405109,0
2013-05-16,26.1299991607666,0.0176692185700322,0
2013-05-17,26.25,0.004592454767988513,1
2013-05-20,25.76000022888184,0.018666657947358497,0
2013-05-21,25.65999984741211,0.0038820023517550572,0
2013-05-22,25.15999984741211,0.019485580786175512,0
2013-05-23,25.059999465942386,0.003974577983950536,0
2013-05-24,24.309999465942386,0.02992817302407696,0
2013-05-28,24.10000038146973,0.008638382932375583,0
2013-05-29,23.31999969482422,0.03236517320743475,0
2013-05-30,24.54999923706055,0.05274440644651145,1
2013-05-31,24.35000038146973,0.008146593148927805,0
2013-06-03,23.85000038146973,0.02053388058180477,0
2013-06-04,23.520000457763672,0.013836474567205955,0
2013-06-05,22.899999618530273,0.026360579386330053,0
2013-06-06,22.96999931335449,0.0030567552834181136,1
2013-06-07,23.290000915527344,0.013931284794893743,1
2013-06-10,24.32999992370605,0.04465431375253165,1
2013-06-11,24.03000068664551,0.012330424907574047,0
2013-06-12,23.770000457763672,0.010819817788283819,0
2013-06-13,23.729999542236328,0.0016828319207826854,0
2013-06-14,23.6299991607666,0.004214091167247552,0
2013-06-17,24.020000457763672,0.016504498977917777,1
2013-06-18,24.209999084472656,0.007910017613991077,1
2013-06-19,24.309999465942386,0.004130540489523043,1
2013-06-20,23.899999618530273,0.01686548154748053,0
2013-06-21,24.53000068664551,0.026359877747729427,1
2013-06-24,23.940000534057614,0.024052186550043694,0
2013-06-25,24.25,0.012949016667788865,1
2013-06-26,24.15999984741211,0.0037113464984697164,0
2013-06-27,24.65999984741211,0.020695364369116804,1
2013-06-28,24.8799991607666,0.008921302299909768,1
2013-07-01,24.809999465942386,0.0028134926521459886,0
2013-07-02,24.40999984741211,0.016122516208812155,0
2013-07-03,24.520000457763672,0.004506374888946364,1
2013-07-05,24.3700008392334,0.0061174394669629645,0
2013-07-08,24.709999084472656,0.01395150732583861,1
2013-07-09,25.479999542236328,0.031161492767821552,1
2013-07-10,25.79999923706055,0.012558857950283015,1
2013-07-11,25.809999465942386,0.00038760578207580154,1
2013-07-12,25.90999984741211,0.003874482120841522,1
2013-07-15,26.28000068664551,0.014280233169139045,1
2013-07-16,26.31999969482422,0.0015220322349166965,1
2013-07-17,26.649999618530273,0.012537991167642324,1
2013-07-18,26.18000030517578,0.01763599700120417,0
2013-07-19,25.8799991607666,0.011459172685718782,0
2013-07-22,26.04999923706055,0.006568782140907659,1
2013-07-23,26.1299991607666,0.003071014435664077,1
2013-07-24,26.51000022888184,0.014542712603136932,1
2013-07-25,34.360000610351555,0.2961146855410955,1
2013-07-26,34.009998321533196,0.010186329528554054,0
2013-07-29,35.43000030517578,0.041752486142979925,1
2013-07-30,37.63000106811523,0.062094291391187474,1
2013-07-31,36.79999923706055,0.022056917552361173,0
2013-08-01,37.4900016784668,0.01875006673128847,1
2013-08-02,38.04999923706055,0.014937250827475872,1
2013-08-05,39.18999862670898,0.02996056274655784,1
2013-08-06,38.54999923706055,0.016330681604368687,0
2013-08-07,38.86999893188477,0.0083009001597227,1
2013-08-08,38.540000915527344,0.00848978712182917,0
2013-08-09,38.5,0.001037906449847224,0
2013-08-12,38.22000122070313,0.007272695566152413,0
2013-08-13,37.02000045776367,0.031397193213312614,0
2013-08-14,36.650001525878906,0.0099945685388875,0
2013-08-15,36.560001373291016,0.0024556657255345726,0
2013-08-16,37.08000183105469,0.0142232067349855,1
2013-08-19,37.810001373291016,0.019687149573572833,1
2013-08-20,38.40999984741211,0.015868776840218066,1
2013-08-21,38.31999969482422,0.0023431437892586825,0
2013-08-22,38.54999923706055,0.006002075784655957,1
2013-08-23,40.54999923706055,0.05188067547553344,1
2013-08-26,41.34000015258789,0.019482143782763004,1
2013-08-27,39.63999938964844,0.04112241791641679,0
2013-08-28,40.54999923706055,0.022956605989498228,1
2013-08-29,41.27999877929688,0.018002455141088003,1
2013-08-30,41.290000915527344,0.00024229981894955885,1
2013-09-03,41.86999893188477,0.014046936388885314,1
2013-09-04,41.77999877929688,0.0021495140884599797,0
2013-09-05,42.65999984741211,0.02106273561097593,1
2013-09-06,43.95000076293945,0.030239121428538854,1
2013-09-09,44.040000915527344,0.0020477850062697303,1
2013-09-10,43.599998474121094,0.009990972576277053,0
2013-09-11,45.040000915527344,0.03302758008720958,1
2013-09-12,44.75,0.006438741332870782,0
2013-09-13,44.310001373291016,0.009832371546569484,0
2013-09-16,42.5099983215332,0.04062295183865217,0
2013-09-17,45.06999969482422,0.06022115912421152,1
2013-09-18,45.22999954223633,0.003550029920024241,1
2013-09-19,45.97999954223633,0.01658191482623476,1
2013-09-20,47.4900016784668,0.03284041216319305,1
2013-09-23,47.18999862670898,0.006317183431346325,0
2013-09-24,48.45000076293945,0.02670061820085177,1
2013-09-25,49.459999084472656,0.020846198258592696,1
2013-09-26,50.38999938964844,0.018803079708663867,1
2013-09-27,51.2400016784668,0.01686847190144984,1
2013-09-30,50.22999954223633,0.019711204198787413,0
2013-10-01,50.41999816894531,0.0037825727342327047,1
2013-10-02,50.27999877929688,0.002776663917744028,0
2013-10-03,49.18000030517578,0.021877456261475338,0
2013-10-04,51.040000915527344,0.037820264310893324,1
2013-10-07,50.52000045776367,0.010188096560270197,0
2013-10-08,47.13999938964844,0.06690421689407985,0
2013-10-09,46.77000045776367,0.007848937986325353,0
2013-10-10,49.04999923706055,0.04874917162671104,1
2013-10-11,49.11000061035156,0.001223269607019292,1
2013-10-14,49.5099983215332,0.00814493394849048,1
2013-10-15,49.5,0.00020194550337632695,0
2013-10-16,51.13999938964844,0.033131300800978536,1
2013-10-17,52.209999084472656,0.02092295087200967,1
2013-10-18,54.22000122070313,0.038498413550600005,1
2013-10-21,53.849998474121094,0.006824100668606369,0
2013-10-22,52.68000030517578,0.02172698611138463,0
2013-10-23,51.9000015258789,0.014806354874304123,0
2013-10-24,52.45000076293945,0.01059728749307084,1
2013-10-25,51.95000076293945,0.009532888326539245,0
2013-10-28,50.22999954223633,0.033108781432976506,0
2013-10-29,49.4000015258789,0.01652395030701758,0
2013-10-30,49.0099983215332,0.007894801463546257,0
2013-10-31,50.209999084472656,0.024484815426166148,1
2013-11-01,49.75,0.00916150354232749,0
2013-11-04,48.22000122070313,0.030753744307474733,0
2013-11-05,50.11000061035156,0.03919534097475228,1
2013-11-06,49.11999893188477,0.01975656887663814,0
2013-11-07,47.56000137329102,0.031758908642425164,0
2013-11-08,47.52999877929688,0.0006308366931837312,0
2013-11-11,46.20000076293945,0.02798228593552478,0
2013-11-12,46.61000061035156,0.008874455425139333,1
2013-11-13,48.709999084472656,0.04505467596270976,1
2013-11-14,48.9900016784668,0.0057483596644820585,1
2013-11-15,49.0099983215332,0.000408178044117023,1
2013-11-18,45.83000183105469,0.06488464801847058,0
2013-11-19,46.36000061035156,0.011564450319042855,1
2013-11-20,46.43000030517578,0.0015099157442329447,1
2013-11-21,46.70000076293945,0.00581521550697844,1
2013-11-22,46.22999954223633,0.010064265803526757,0
2013-11-25,44.81999969482422,0.03049967253674565,0
2013-11-26,45.88999938964844,0.0238732642148541,1
2013-11-27,46.4900016784668,0.013074794003019837,1
2013-11-29,47.0099983215332,0.011185128507045373,1
2013-12-02,47.06000137329102,0.0010636684438024202,1
2013-12-03,46.72999954223633,0.007012363396189522,0
2013-12-04,48.61999893188477,0.04044509754253672,1
2013-12-05,48.34000015258789,0.005758921954917202,0
2013-12-06,47.93999862670898,0.008274752267610392,0
2013-12-09,48.84000015258789,0.018773499200258476,1
2013-12-10,50.25,0.028869775655342572,1
2013-12-11,49.38000106811523,0.017313411579796472,0
2013-12-12,51.83000183105469,0.049615243214756244,1
2013-12-13,53.31999969482422,0.02874778721070347,1
2013-12-16,53.81000137329102,0.00918982898108247,1
2013-12-17,54.86000061035156,0.019513086977576522,1
2013-12-18,55.56999969482422,0.01294201743662916,1
2013-12-19,55.04999923706055,0.009357575321565184,0
2013-12-20,55.11999893188477,0.0012715657728311271,1
2013-12-23,57.77000045776367,0.048076951691411886,1
2013-12-24,57.959999084472656,0.0032888804778164163,1
2013-12-26,57.72999954223633,0.003968246133011835,0
2013-12-27,55.43999862670898,0.03966743346069047,0
2013-12-30,53.709999084472656,0.031204898720954694,0
2013-12-31,54.6500015258789,0.01750144214167365,1
2014-01-02,54.709999084472656,0.001097850995765223,1
2014-01-03,54.56000137329102,0.002741687327576736,0
2014-01-06,57.20000076293945,0.04838708436948097,1
2014-01-07,57.91999816894531,0.012587367069973085,1
2014-01-08,58.22999954223633,0.005352233824089234,1
2014-01-09,57.22000122070313,0.017344982474207436,0
2014-01-10,57.93999862670898,0.01258296733040506,1
2014-01-13,55.90999984741211,0.03503622415277528,0
2014-01-14,57.7400016784668,0.03273120794221201,1
2014-01-15,57.599998474121094,0.0024247177048128676,0
2014-01-16,57.18999862670898,0.007118053095024367,0
2014-01-17,56.29999923706055,0.01556215091833874,0
2014-01-21,58.5099983215332,0.03925398071795856,1
2014-01-22,57.5099983215332,0.01709109602951354,0
2014-01-23,56.63000106811523,0.015301639351439219,0
2014-01-24,54.45000076293945,0.03849550174921672,0
2014-01-27,53.54999923706055,0.016528953411722967,0
2014-01-28,55.13999938964844,0.029691880023174553,1
2014-01-29,53.52999877929688,0.02919841545471262,0
2014-01-30,61.08000183105469,0.14104246635398437,1
2014-01-31,62.56999969482422,0.024394201360550337,1
2014-02-03,61.47999954223633,0.017420491575902232,0
2014-02-04,62.75,0.020657131867595258,1
2014-02-05,62.18999862670898,0.008924324673960522,0
2014-02-06,62.15999984741211,0.00048237304967529304,0
2014-02-07,64.31999969482422,0.03474903237957514,1
2014-02-10,63.54999923706055,0.011971400208598465,0
2014-02-11,64.84999847412111,0.02045632183583786,1
2014-02-12,64.44999694824219,0.006168103859532767,0
2014-02-13,67.33000183105469,0.044685880825182094,1
2014-02-14,67.08999633789061,0.0035646143864113,0
2014-02-18,67.30000305175781,0.0031302239578241803,1
2014-02-19,68.05999755859375,0.011292637033782232,1
2014-02-20,69.62999725341797,0.023067877624776363,1
2014-02-21,68.58999633789061,0.014936104503096284,0
2014-02-24,70.77999877929688,0.03192888990134643,1
2014-02-25,69.84999847412111,0.01313930942660304,0
2014-02-26,69.26000213623047,0.00844661919512036,0
2014-02-27,68.94000244140625,0.004620266892207101,0
2014-02-28,68.45999908447266,0.006962624600159538,0
2014-03-03,67.41000366210939,0.015337356652133165,0
2014-03-04,68.80000305175781,0.02062007586612446,1
2014-03-05,71.56999969482422,0.040261577328456734,1
2014-03-06,70.83999633789062,0.010199851335005469,0
2014-03-07,69.80000305175781,0.014680877186558307,0
2014-03-10,72.02999877929688,0.03194836146189686,1
2014-03-11,70.09999847412111,0.026794395916753713,0
2014-03-12,70.87999725341797,0.011126944312057492,1
2014-03-13,68.83000183105469,0.028922058433974142,0
2014-03-14,67.72000122070311,0.016126697382285515,0
2014-03-17,68.73999786376953,0.015061970240404999,1
2014-03-18,69.19000244140625,0.006546473547010402,1
2014-03-19,68.23999786376953,0.013730373523851699,0
2014-03-20,66.97000122070311,0.018610736852626663,0
2014-03-21,67.23999786376953,0.0040316057659403725,1
2014-03-24,64.09999847412111,0.04669838621961539,0
2014-03-25,64.88999938964844,0.012324507555897589,1
2014-03-26,60.38999938964844,0.06934812825283924,0
2014-03-27,60.97000122070313,0.009604269529999595,1
2014-03-28,60.0099983215332,0.01574549581678453,0
2014-03-31,60.2400016784668,0.0038327505976793598,1
2014-04-01,62.61999893188477,0.0395085854432956,1
2014-04-02,62.72000122070313,0.0015969704650927474,1
2014-04-03,59.4900016784668,0.05149871618896191,0
2014-04-04,56.75,0.046058187950237986,0
2014-04-07,56.95000076293945,0.0035242425187568833,1
2014-04-08,58.18999862670898,0.021773447711285372,1
2014-04-09,62.40999984741211,0.07252107441649205,1
2014-04-10,59.15999984741211,0.052074988110014625,0
2014-04-11,58.52999877929688,0.010649105303248002,0
2014-04-14,58.88999938964844,0.0061507025091361205,1
2014-04-15,59.09000015258789,0.0033961753270897272,1
2014-04-16,59.72000122070313,0.010661720536273346,1
2014-04-17,58.93999862670898,0.013060994274121872,0
2014-04-21,61.2400016784668,0.03902278767131767,1
2014-04-22,63.02999877929688,0.029229213778083286,1
2014-04-23,61.36000061035156,0.026495291151645315,0
2014-04-24,60.86999893188477,0.007985685684366266,0
2014-04-25,57.709999084472656,0.051913913304783274,0
2014-04-28,56.13999938964844,0.027204985613084855,0
2014-04-29,58.1500015258789,0.03580338721202556,1
2014-04-30,59.77999877929688,0.028030906459952095,1
2014-05-01,61.1500015258789,0.022917410079581313,1
2014-05-02,60.459999084472656,0.011283768179698759,0
2014-05-05,61.22000122070313,0.012570329932830906,1
2014-05-06,58.52999877929688,0.04393992792826923,0
2014-05-07,57.38999938964844,0.01947718116221255,0
2014-05-08,56.7599983215332,0.010977540944683633,0
2014-05-09,57.2400016784668,0.008456719012119729,1
2014-05-12,59.83000183105469,0.04524807960587861,1
2014-05-13,59.83000183105469,0.0,0
2014-05-14,59.22999954223633,0.010028451787660299,0
2014-05-15,57.91999816894531,0.022117193709530025,0
2014-05-16,58.02000045776367,0.0017265589084907312,1
2014-05-19,59.209999084472656,0.020510145076183817,1
2014-05-20,58.56000137329102,0.010977836872692845,0
2014-05-21,60.4900016784668,0.03295765471166876,1
2014-05-22,60.52000045776367,0.0004959295497515906,1
2014-05-23,61.349998474121094,0.013714441673487255,1
2014-05-27,63.47999954223633,0.03471884467957599,1
2014-05-28,63.5099983215332,0.0004725705657404007,1
2014-05-29,63.83000183105469,0.005038631994625427,1
2014-05-30,63.29999923706055,0.00830334605656055,0
2014-06-02,63.08000183105469,0.003475472490638775,0
2014-06-03,62.86999893188477,0.0033291517608442585,0
2014-06-04,63.34000015258789,0.007475763141213525,1
2014-06-05,63.18999862670898,0.0023681958559765605,0
2014-06-06,62.5,0.010919427784531246,0
2014-06-09,62.88000106811523,0.006080017089843636,1
2014-06-10,65.76999664306639,0.04596048864281277,1
2014-06-11,65.77999877929689,0.00015207749340141738,1
2014-06-12,64.29000091552734,0.022651229726664213,0
2014-06-13,64.5,0.003266434616303407,1
2014-06-16,64.19000244140625,0.004806163699127907,0
2014-06-17,64.40000152587889,0.0032715232354809903,1
2014-06-18,65.59999847412111,0.01863349254362986,1
2014-06-19,64.33999633789061,0.019207350084429684,0
2014-06-20,64.5,0.0024868459934176447,1
2014-06-23,65.37000274658203,0.013488414675690407,1
2014-06-24,65.72000122070311,0.005354114416637067,1
2014-06-25,67.44000244140625,0.02617165533711683,1
2014-06-26,67.12999725341797,0.004596755290120613,0
2014-06-27,67.59999847412111,0.0070013591528816695,1
2014-06-30,67.29000091552734,0.004585762804601818,0
2014-07-01,68.05999755859375,0.01144295783311139,1
2014-07-02,66.44999694824219,0.02365560781816796,0
2014-07-03,66.29000091552734,0.002407765839921173,0
2014-07-07,65.29000091552734,0.015085231349963165,0
2014-07-08,62.7599983215332,0.03875023064048468,0
2014-07-09,64.97000122070311,0.03521355892725776,1
2014-07-10,64.87000274658203,0.0015391484106854901,0
2014-07-11,66.33999633789061,0.022660606275155936,1
2014-07-14,67.90000152587889,0.023515304101656576,1
2014-07-15,67.16999816894531,0.010751153763308114,0
2014-07-16,67.66000366210939,0.007295005307750936,1
2014-07-17,66.41000366210939,0.018474725574098936,0
2014-07-18,68.41999816894531,0.030266441740655063,1
2014-07-21,69.40000152587889,0.014323346728447978,1
2014-07-22,69.26999664306639,0.0018732691636040076,0
2014-07-23,71.29000091552734,0.029161316159283298,1
2014-07-24,74.9800033569336,0.0517604487869006,1
2014-07-25,75.19000244140625,0.002800734530151726,1
2014-07-28,74.91999816894531,0.003590959751216198,0
2014-07-29,73.70999908447266,0.016150548772626727,0
2014-07-30,74.68000030517578,0.013159696550687655,1
2014-07-31,72.6500015258789,0.02718262949921525,0
2014-08-01,72.36000061035156,0.003991753743102696,0
2014-08-04,73.51000213623047,0.015892779383343332,1
2014-08-05,72.69000244140625,0.011154940429801322,0
2014-08-06,72.47000122070312,0.0030265677990651183,0
2014-08-07,73.16999816894531,0.009659127038102124,1
2014-08-08,73.05999755859375,0.001503356745992769,0
2014-08-11,73.44000244140625,0.005201271496180081,1
2014-08-12,72.83000183105469,0.008306108252627694,0
2014-08-13,73.7699966430664,0.01290669762980708,1
2014-08-14,74.30000305175781,0.007184579541948796,1
2014-08-15,73.62999725341797,0.009017574304446715,0
2014-08-18,74.58999633789062,0.01303815184412617,1
2014-08-19,75.29000091552734,0.009384697841594163,1
2014-08-20,74.80999755859375,0.006375393161067167,0
2014-08-21,74.56999969482422,0.003208098804996708,0
2014-08-22,74.56999969482422,0.0,0
2014-08-25,75.0199966430664,0.006034557463910263,1
2014-08-26,75.95999908447266,0.012530025106221171,1
2014-08-27,74.62999725341797,0.017509239693060494,0
2014-08-28,73.86000061035156,0.010317522060891423,0
2014-08-29,74.81999969482422,0.012997550454096684,1
2014-09-02,76.68000030517578,0.02485967145065667,1
2014-09-03,75.83000183105469,0.0110850087472381,0
2014-09-04,75.94999694824219,0.0015824227125148026,1
2014-09-05,77.26000213623047,0.017248258599417896,1
2014-09-08,77.88999938964844,0.008154248459728381,1
2014-09-09,76.66999816894531,0.015663130443742984,0
2014-09-10,77.43000030517578,0.009912640594509662,1
2014-09-11,77.91999816894531,0.0063282689117692996,1
2014-09-12,77.4800033569336,0.005646750800195435,0
2014-09-15,74.58000183105469,0.03742903201125621,0
2014-09-16,76.08000183105469,0.020112630238303487,1
2014-09-17,76.43000030517578,0.004600400442922042,1
2014-09-18,77.0,0.007457800504360574,1
2014-09-19,77.91000366210938,0.011818229378043832,1
2014-09-22,76.80000305175781,0.014247215481667323,0
2014-09-23,78.29000091552734,0.019401013080238776,1
2014-09-24,78.54000091552734,0.003193255806316094,1
2014-09-25,77.22000122070312,0.016806718607552944,0
2014-09-26,78.79000091552734,0.020331516058086942,1
2014-09-29,79.0,0.002665301206149259,1
2014-09-30,79.04000091552734,0.000506340702877769,1
2014-10-01,76.55000305175781,0.03150300904513746,0
2014-10-02,77.08000183105469,0.0069235631373982635,1
2014-10-03,77.44000244140625,0.004670480044105581,1
2014-10-06,77.55999755859375,0.0015495236751611986,1
2014-10-07,76.29000091552734,0.016374377037685826,0
2014-10-08,77.5199966430664,0.016122633540154026,1
2014-10-09,75.91000366210938,0.02076874420377098,0
2014-10-10,72.91000366210938,0.039520482878035425,0
2014-10-13,72.98999786376953,0.0010971635940505166,1
2014-10-14,73.58999633789062,0.00822028348652574,1
2014-10-15,73.20999908447266,0.00516370800826243,0
2014-10-16,72.62999725341797,0.007922440080697965,0
2014-10-17,75.94999694824219,0.04571113617477081,1
2014-10-20,76.94999694824219,0.013166557474406117,1
2014-10-21,78.69000244140625,0.022612158052903085,1
2014-10-22,78.37000274658203,0.004066586413725115,0
2014-10-23,80.04000091552734,0.021309150317953083,1
2014-10-24,80.66999816894531,0.00787103006261651,1
2014-10-27,80.27999877929688,0.004834503514325993,0
2014-10-28,80.7699966430664,0.006103610752618684,1
2014-10-29,75.86000061035156,0.06078985064729894,0
2014-10-30,74.11000061035156,0.023068810781965664,0
2014-10-31,74.98999786376953,0.011874203834442449,1
2014-11-03,73.87999725341797,0.014801982157247737,0
2014-11-04,75.76000213623047,0.02544673731326545,1
2014-11-05,74.83000183105469,0.01227561086262206,0
2014-11-06,75.26000213623047,0.005746362350045136,1
2014-11-07,75.5999984741211,0.004517623282486586,1
2014-11-10,75.0,0.007936487913111287,0
2014-11-11,74.61000061035156,0.005199991861979167,0
2014-11-12,74.72000122070312,0.0014743413678018488,1
2014-11-13,74.25,0.0062901661272042235,0
2014-11-14,74.87999725341797,0.008484811493844696,1
2014-11-17,74.23999786376953,0.008547000709448131,0
2014-11-18,74.33999633789062,0.0013469622440532803,1
2014-11-19,73.33000183105469,0.013586152227467218,0
2014-11-20,73.5999984741211,0.003681939674411201,1
2014-11-21,73.75,0.0020380642525644767,1
2014-11-24,74.01000213623047,0.0035254526946504237,1
2014-11-25,75.62999725341797,0.02188886732100844,1
2014-11-26,77.62000274658203,0.02631238351756158,1
2014-11-28,77.69999694824219,0.001030587462375203,1
2014-12-01,75.0999984741211,0.033462015138211836,0
2014-12-02,75.45999908447266,0.004793616746551813,1
2014-12-03,74.87999725341797,0.007686215718150386,0
2014-12-04,75.23999786376953,0.004807700635100249,1
2014-12-05,76.36000061035156,0.014885736023144525,1
2014-12-08,76.5199966430664,0.0020952859014665105,1
2014-12-09,76.83999633789062,0.00418190942057777,1
2014-12-10,76.18000030517578,0.008589225197417047,0
2014-12-11,77.7300033569336,0.02034658762862335,1
2014-12-12,77.83000183105469,0.0012864848810298396,1
2014-12-15,76.98999786376953,0.01079280415678969,0
2014-12-16,74.69000244140625,0.029873950982996826,0
2014-12-17,76.11000061035156,0.01901189078229433,1
2014-12-18,78.4000015258789,0.03008804226991276,1
2014-12-19,79.87999725341797,0.01887749615732512,1
2014-12-22,81.44999694824219,0.019654478577952633,1
2014-12-23,80.61000061035156,0.01031303093141188,0
2014-12-24,80.7699966430664,0.0019848161704925952,1
2014-12-26,80.77999877929688,0.0001238347981450284,1
2014-12-29,80.0199966430664,0.009408295960822047,0
2014-12-30,79.22000122070312,0.009997443838090932,0
2014-12-31,78.0199966430664,0.01514774752771795,0
2015-01-02,78.44999694824219,0.005511411480097713,1
2015-01-05,77.19000244140625,0.01606111607202771,0
2015-01-06,76.1500015258789,0.013473259264589253,0
2015-01-07,76.1500015258789,0.0,0
2015-01-08,78.18000030517578,0.026657895451348057,1
2015-01-09,77.73999786376953,0.005628069067391911,0
2015-01-12,76.72000122070312,0.013120615784603364,0
2015-01-13,76.44999694824219,0.003519346561064392,0
2015-01-14,76.27999877929688,0.0022236517427254294,0
2015-01-15,74.05000305175781,0.029234344038090162,0
2015-01-16,75.18000030517578,0.015259921767027458,1
2015-01-20,76.23999786376953,0.014099462015043038,1
2015-01-21,76.73999786376953,0.006558237329615771,1
2015-01-22,77.6500015258789,0.011858270620815403,1
2015-01-23,77.83000183105469,0.002318097896183446,1
2015-01-26,77.5,0.004240033705395784,0
2015-01-27,75.77999877929688,0.02219356413810484,0
2015-01-28,76.23999786376953,0.006070191236243833,1
2015-01-29,78.0,0.023085023420060323,1
2015-01-30,75.91000366210938,0.026794824844751604,0
2015-02-02,74.98999786376953,0.012119691133661036,0
2015-02-03,75.4000015258789,0.005467444643140376,1
2015-02-04,75.62999725341797,0.0030503411523157995,1
2015-02-05,75.61000061035156,0.00026440094926094337,0
2015-02-06,74.47000122070312,0.015077362524083399,0
2015-02-09,74.44000244140625,0.0004028303854590935,0
2015-02-10,75.19000244140625,0.01007522804140617,1
2015-02-11,76.51000213623047,0.01755552137204494,1
2015-02-12,76.2300033569336,0.0036596362760299107,0
2015-02-13,75.73999786376953,0.006427987296152906,0
2015-02-17,75.5999984741211,0.0018484208291139476,0
2015-02-18,76.70999908447266,0.014682548052319482,1
2015-02-19,79.41999816894531,0.0353278466538426,1
2015-02-20,79.9000015258789,0.006043860085623673,1
2015-02-23,78.83999633789062,0.013266647906695657,0
2015-02-24,78.44999694824219,0.0049467200375934465,0
2015-02-25,79.55999755859375,0.014149147909895923,1
2015-02-26,80.41000366210938,0.010683837727491367,1
2015-02-27,78.97000122070312,0.017908249916978983,0
2015-03-02,79.75,0.009877152934529614,1
2015-03-03,79.5999984741211,0.0018808968762245297,0
2015-03-04,80.9000015258789,0.01633169694319101,1
2015-03-05,81.20999908447266,0.003831860973384353,1
2015-03-06,80.01000213623047,0.014776467944470482,0
2015-03-09,79.44000244140625,0.007124105481883359,0
2015-03-10,77.55000305175781,0.023791532371143526,0
2015-03-11,77.56999969482422,0.00025785483274656025,1
2015-03-12,78.93000030517578,0.017532559181411306,1
2015-03-13,78.05000305175781,0.011149084632149222,0
2015-03-16,78.06999969482422,0.0002562029760991264,1
2015-03-17,79.36000061035156,0.016523644428973482,1
2015-03-18,80.91000366210938,0.01953128830439592,1
2015-03-19,82.75,0.0227412712224645,1
2015-03-20,83.80000305175781,0.01268885863151435,1
2015-03-23,84.43000030517578,0.007517866712115278,1
2015-03-24,85.30999755859375,0.010422802916465496,1
2015-03-25,82.91999816894531,0.028015466628127685,0
2015-03-26,83.01000213623047,0.0010854313708712066,1
2015-03-27,83.30000305175781,0.0034935659325898297,1
2015-03-30,83.19999694824219,0.0012005534195897566,0
2015-03-31,82.22000122070312,0.011778795234195828,0
2015-04-01,81.66999816894531,0.006689407000632844,0
2015-04-02,81.55999755859375,0.0013468913042462855,0
2015-04-06,82.44000244140625,0.010789662937156087,1
2015-04-07,82.31999969482422,0.0014556373487169957,0
2015-04-08,82.27999877929688,0.0004859197725417237,0
2015-04-09,82.16999816894531,0.0013369058335382551,0
2015-04-10,82.04000091552734,0.0015820525290835274,0
2015-04-13,83.01000213623047,0.011823515478771005,1
2015-04-14,83.5199966430664,0.006143771758961873,1
2015-04-15,82.70999908447266,0.00969824702047559,0
2015-04-16,82.30999755859375,0.004836193087976947,0
2015-04-17,80.77999877929688,0.018588249601243393,0
2015-04-20,83.08999633789062,0.028596157384267996,1
2015-04-21,83.62000274658203,0.006378702997363273,1
2015-04-22,84.62999725341797,0.012078384042832634,1
2015-04-23,82.41000366210938,0.026231757808770746,0
2015-04-24,81.52999877929688,0.010678374514101743,0
2015-04-27,81.91000366210938,0.0046609209922985504,1
2015-04-28,80.68000030517578,0.015016521815913179,0
2015-04-29,80.47000122070312,0.002602864200276712,0
2015-04-30,78.7699966430664,0.0211259419889178,0
2015-05-01,78.98999786376953,0.002792957091264396,1
2015-05-04,78.80999755859375,0.0022787733895906622,0
2015-05-05,77.55999755859375,0.0158609318452351,0
2015-05-06,78.0999984741211,0.006962363750970889,1
2015-05-07,78.43000030517578,0.004225375640231742,1
2015-05-08,78.51000213623047,0.0010200411926991665,1
2015-05-11,78.01000213623047,0.006368615289710482,0
2015-05-12,77.45999908447266,0.007050417083662309,0
2015-05-13,78.44000244140625,0.012651734682631071,1
2015-05-14,81.37000274658203,0.03735339385493335,1
2015-05-15,80.41999816894531,0.011675120383065538,0
2015-05-18,80.87999725341797,0.00571995890258908,1
2015-05-19,80.62999725341797,0.003090999115846719,0
2015-05-20,80.55000305175781,0.0009921146519295612,0
2015-05-21,80.4800033569336,0.0008690216284565513,0
2015-05-22,80.54000091552734,0.0007454964723057635,1
2015-05-26,79.33000183105469,0.015023579224213542,0
2015-05-27,80.55000305175781,0.01537881246115818,1
2015-05-28,80.1500015258789,0.004965878469574771,0
2015-05-29,79.19000244140625,0.011977530457846478,0
2015-06-01,80.29000091552734,0.013890623061099125,1
2015-06-02,80.44000244140625,0.0018682466579707977,1
2015-06-03,82.44000244140625,0.0248632513587606,1
2015-06-04,82.05000305175781,0.004730705702315175,0
2015-06-05,82.13999938964844,0.0010968474654882655,1
2015-06-08,80.66999816894531,0.017896289647262642,0
2015-06-09,80.66999816894531,0.0,0
2015-06-10,82.16000366210938,0.018470379657671225,1
2015-06-11,81.83000183105469,0.0040165751746050376,0
2015-06-12,81.52999877929688,0.003666174325367797,0
2015-06-15,80.70999908447266,0.010057643899198039,0
2015-06-16,81.05999755859375,0.0043364945866840926,1
2015-06-17,81.79000091552734,0.009005716492970717,1
2015-06-18,82.91000366210938,0.013693639002874805,1
2015-06-19,82.51000213623047,0.004824526694137762,0
2015-06-22,84.73999786376953,0.0270269745461546,1
2015-06-23,87.87999725341797,0.03705451343881777,1
2015-06-24,88.86000061035156,0.011151608870760154,1
2015-06-25,87.9800033569336,0.009903187568912253,0
2015-06-26,88.01000213623047,0.0003409727000710649,1
2015-06-29,85.80000305175781,0.025110771853542328,0
2015-06-30,85.7699966430664,0.00034972503058426754,0
2015-07-01,86.91000366210938,0.013291442971452258,1
2015-07-02,87.29000091552734,0.004372307414636989,1
2015-07-06,87.55000305175781,0.002978601598161044,1
2015-07-07,87.22000122070312,0.0037692954831720226,0
2015-07-08,85.6500015258789,0.01800045485956211,0
2015-07-09,85.87999725341797,0.0026852974132121872,1
2015-07-10,87.94999694824219,0.024103397310505086,1
2015-07-13,90.0999984741211,0.024445725986143734,1
2015-07-14,89.68000030517578,0.004661466992876211,0
2015-07-15,89.76000213623047,0.0008920810747373546,1
2015-07-16,90.8499984741211,0.012143452673233192,1
2015-07-17,94.97000122070312,0.0453495081538788,1
2015-07-20,97.91000366210938,0.030957169670598465,1
2015-07-21,98.38999938964844,0.004902417624204606,1
2015-07-22,97.04000091552734,0.013720891172839325,0
2015-07-23,95.44000244140624,0.016488030286746346,0
2015-07-24,96.9499969482422,0.015821400547040024,1
2015-07-27,94.16999816894531,0.028674562834499328,0
2015-07-28,95.29000091552734,0.011893413702447937,1
2015-07-29,96.98999786376952,0.01784024485159976,1
2015-07-30,95.20999908447266,0.0183523952830375,0
2015-07-31,94.01000213623048,0.012603686165121234,0
2015-08-03,94.13999938964844,0.0013828023663862352,1
2015-08-04,94.05999755859376,0.0008498176287801233,0
2015-08-05,96.44000244140624,0.025303050654768202,1
2015-08-06,95.12000274658205,0.013687263183409588,0
2015-08-07,94.3000030517578,0.008620686197927094,0
2015-08-10,94.1500015258789,0.0015906842102280923,0
2015-08-11,93.62000274658205,0.005629301866247773,0
2015-08-12,94.19000244140624,0.0060884392021127165,1
2015-08-13,93.43000030517578,0.008068819583089373,0
2015-08-14,94.41999816894531,0.010596145355194738,1
2015-08-17,93.93000030517578,0.0051895559550083886,0
2015-08-18,95.16999816894531,0.013201297346330406,1
2015-08-19,95.30999755859376,0.0014710454170643724,1
2015-08-20,90.55999755859376,0.04983737406015398,0
2015-08-21,86.05999755859375,0.04969081406046243,0
2015-08-24,82.08999633789062,0.04613062204655721,0
2015-08-25,83.0,0.011085439185107392,1
2015-08-26,87.19000244140625,0.05048195712537651,1
2015-08-27,89.7300033569336,0.029131790852217083,1
2015-08-28,91.01000213623048,0.0142650031361888,1
2015-08-31,89.43000030517578,0.017360749301924404,0
2015-09-01,87.2300033569336,0.024600211793970688,0
2015-09-02,89.88999938964844,0.030494049413600195,1
2015-09-03,88.1500015258789,0.019356968245456525,0
2015-09-04,88.26000213623047,0.0012478798462558021,1
2015-09-08,89.52999877929688,0.014389265945248333,1
2015-09-09,90.44000244140624,0.010164231816339443,1
2015-09-10,91.9800033569336,0.017027873440462204,1
2015-09-11,92.0500030517578,0.0007610316619859947,1
2015-09-14,92.30999755859376,0.002824492104468225,1
2015-09-15,92.9000015258789,0.006391550025885734,1
2015-09-16,93.4499969482422,0.005920295084280324,1
2015-09-17,94.33999633789062,0.009523803303507376,1
2015-09-18,94.4000015258789,0.0006360524731564021,1
2015-09-21,95.5500030517578,0.012182219356888777,1
2015-09-22,92.95999908447266,0.0271062677609982,0
2015-09-23,93.97000122070312,0.010864911211032616,1
2015-09-24,94.41000366210938,0.004682371349265347,1
2015-09-25,92.7699966430664,0.01737111487583991,0
2015-09-28,89.20999908447266,0.03837444957868092,0
2015-09-29,86.66999816894531,0.028472154933240446,0
2015-09-30,89.9000015258789,0.037267836912115396,1
2015-10-01,90.9499969482422,0.011679592931497786,1
2015-10-02,92.06999969482422,0.012314489105693846,1
2015-10-05,94.01000213623048,0.021070950883421397,1
2015-10-06,92.8000030517578,0.012870961142190673,0
2015-10-07,92.4000015258789,0.004310361128499072,0
2015-10-08,92.47000122070312,0.0007575724422971314,1
2015-10-09,93.23999786376952,0.008326988568201698,1
2015-10-12,94.26000213623048,0.01093955701233785,1
2015-10-13,94.12000274658205,0.001485247045147544,0
2015-10-14,94.06999969482422,0.00053126912769499,0
2015-10-15,95.95999908447266,0.02009141485893325,1
2015-10-16,97.54000091552734,0.016465213069289705,1
2015-10-19,98.47000122070312,0.009534552967466038,1
2015-10-20,97.0,0.014928416801868183,0
2015-10-21,97.11000061035156,0.0011340269108408504,1
2015-10-22,99.66999816894531,0.026361832380844035,1
2015-10-23,102.19000244140624,0.0252834786671652,1
2015-10-26,103.7699966430664,0.015461338329707043,1
2015-10-27,103.6999969482422,0.0006745658387653201,0
2015-10-28,104.1999969482422,0.004821600913349645,1
2015-10-29,104.87999725341795,0.0065259148281311356,1
2015-10-30,101.97000122070312,0.027745958323049012,0
2015-11-02,103.30999755859376,0.013141083866326146,1
2015-11-03,102.58000183105469,0.0070660705138924145,0
2015-11-04,103.94000244140624,0.013257950731872836,1
2015-11-05,108.76000213623048,0.04637290342129259,1
2015-11-06,107.0999984741211,0.015262997696801289,0
2015-11-09,106.48999786376952,0.005695617358005594,0
2015-11-10,107.91000366210938,0.01333464012419685,1
2015-11-11,109.01000213623048,0.010193665432219352,1
2015-11-12,108.0199966430664,0.009081785833990358,0
2015-11-13,103.9499969482422,0.037678206085053144,0
2015-11-16,104.04000091552734,0.0008658390565413481,1
2015-11-17,105.12999725341795,0.01047670442424934,1
2015-11-18,107.7699966430664,0.02511176123485175,1
2015-11-19,106.26000213623048,0.01401126986982301,0
2015-11-20,107.31999969482422,0.009975508538337572,1
2015-11-23,106.9499969482422,0.0034476588486224286,0
2015-11-24,105.73999786376952,0.011313689752214359,0
2015-11-25,105.41000366210938,0.0031208077201334084,0
2015-11-27,105.4499969482422,0.0003794069323915855,1
2015-11-30,104.23999786376952,0.011474624177244746,0
2015-12-01,107.12000274658205,0.027628596909378158,1
2015-12-02,106.06999969482422,0.00980211935059281,0
2015-12-03,104.37999725341795,0.015932897579604022,0
2015-12-04,106.18000030517578,0.01724471258020545,1
2015-12-07,105.61000061035156,0.005368239717328706,0
2015-12-08,106.48999786376952,0.008332518211648415,1
2015-12-09,104.5999984741211,0.017748139990257684,0
2015-12-10,105.41999816894531,0.00783938534212401,1
2015-12-11,102.12000274658205,0.03130331511744782,0
2015-12-14,104.66000366210938,0.024872707081985888,1
2015-12-15,104.5500030517578,0.0010510281530918847,0
2015-12-16,106.79000091552734,0.021425134370016495,1
2015-12-17,106.22000122070312,0.0053375755214675755,0
2015-12-18,104.04000091552734,0.020523444550204748,0
2015-12-21,104.7699966430664,0.0070164909757331135,1
2015-12-22,105.51000213623048,0.007063143236370903,1
2015-12-23,104.62999725341795,0.008340487773626426,0
2015-12-24,105.0199966430664,0.0037274146983284143,1
2015-12-28,105.93000030517578,0.008665051334958835,1
2015-12-29,107.26000213623048,0.012555478402936597,1
2015-12-30,106.22000122070312,0.009696073977384945,0
2015-12-31,104.66000366210938,0.014686476564356262,0
2016-01-04,102.22000122070312,0.023313609363933334,0
2016-01-05,102.7300033569336,0.004989259735277478,1
2016-01-06,102.97000122070312,0.0023362002913176485,1
2016-01-07,97.91999816894531,0.04904343975808811,0
2016-01-08,97.33000183105469,0.0060252895110627005,0
2016-01-11,97.51000213623048,0.0018493815040529825,1
2016-01-12,99.37000274658205,0.019074972511568297,1
2016-01-13,95.44000244140624,0.039549161684117866,0
2016-01-14,98.37000274658205,0.030699918589950095,1
2016-01-15,94.97000122070312,0.034563397691854354,0
2016-01-19,95.26000213623048,0.0030536054733053828,1
2016-01-20,94.3499984741211,0.00955284108442493,0
2016-01-21,94.16000366210938,0.0020137235303064865,0
2016-01-22,97.94000244140624,0.040144420478797814,1
2016-01-25,97.01000213623048,0.009495612436115023,0
2016-01-26,97.33999633789062,0.0034016513183530647,1
2016-01-27,94.4499969482422,0.02968974212426039,0
2016-01-28,109.11000061035156,0.15521444294109316,1
2016-01-29,112.20999908447266,0.028411680476399782,1
2016-02-01,115.08999633789062,0.02566613739342322,1
2016-02-02,114.61000061035156,0.004170612067184812,0
2016-02-03,112.69000244140624,0.016752448815290494,0
2016-02-04,110.48999786376952,0.019522624278765305,0
2016-02-05,104.06999969482422,0.05810479041606048,0
2016-02-08,99.75,0.04151051895351421,0
2016-02-09,99.54000091552734,0.002105253979675752,0
2016-02-10,101.0,0.0146674610311854,1
2016-02-11,101.91000366210938,0.009009937248607673,1
2016-02-12,102.01000213623048,0.0009812429646520351,1
2016-02-16,101.61000061035156,0.003921199073643127,0
2016-02-17,105.1999969482422,0.03533113193904367,1
2016-02-18,103.47000122070312,0.01644482678445537,0
2016-02-19,104.56999969482422,0.010631085929677143,1
2016-02-22,107.16000366210938,0.024768135936155605,1
2016-02-23,105.45999908447266,0.015864170581750568,0
2016-02-24,106.87999725341795,0.013464803539471782,1
2016-02-25,108.06999969482422,0.011134005164546434,1
2016-02-26,107.91999816894531,0.0013880033894928404,0
2016-02-29,106.91999816894531,0.009266123211330414,0
2016-03-01,109.81999969482422,0.02712309741435448,1
2016-03-02,109.9499969482422,0.0011837302292772606,1
2016-03-03,109.58000183105469,0.0033651216685498,0
2016-03-04,108.38999938964844,0.010859668018996203,0
2016-03-07,105.7300033569336,0.02454097285444658,0
2016-03-08,105.93000030517578,0.0018915817827700092,1
2016-03-09,107.51000213623048,0.014915527485158538,1
2016-03-10,107.31999969482422,0.0017673001360887712,0
2016-03-11,109.41000366210938,0.019474505900375548,1
2016-03-14,109.88999938964844,0.0043871283381127744,1
2016-03-15,110.66999816894531,0.0070979960290212755,1
2016-03-16,112.18000030517578,0.01364418687280854,1
2016-03-17,111.0199966430664,0.010340556774413331,0
2016-03-18,111.4499969482422,0.003873178870273822,1
2016-03-21,111.8499984741211,0.0035890671765980778,1
2016-03-22,112.25,0.003576231840284336,1
2016-03-23,112.54000091552734,0.002583527087103285,1
2016-03-24,113.0500030517578,0.004531740999480378,1
2016-03-28,113.69000244140624,0.005661206301387059,1
2016-03-29,116.13999938964844,0.021549801175392583,1
2016-03-30,114.6999969482422,0.012398850085878193,0
2016-03-31,114.0999984741211,0.005231024325064754,0
2016-04-01,116.05999755859376,0.017177906316249564,1
2016-04-04,112.5500030517578,0.030242931075919754,0
2016-04-05,112.22000122070312,0.002932046398105534,0
2016-04-06,113.70999908447266,0.013277471462855822,1
2016-04-07,113.63999938964844,0.0006155984116420362,0
2016-04-08,110.62999725341795,0.026487171351610078,0
2016-04-11,108.98999786376952,0.01482418358821544,0
2016-04-12,110.61000061035156,0.014863774459441174,1
2016-04-13,110.51000213623048,0.0009040635889095282,0
2016-04-14,110.83999633789062,0.0029861025724471878,1
2016-04-15,109.63999938964844,0.01082638928085176,0
2016-04-18,110.4499969482422,0.007387792439829577,1
2016-04-19,112.29000091552734,0.01665915815414086,1
2016-04-20,112.41999816894531,0.0011576921574322728,1
2016-04-21,113.44000244140624,0.009073156814395744,1
2016-04-22,110.55999755859376,0.025387912736515014,0
2016-04-25,110.0999984741211,0.004160628569378211,0
2016-04-26,108.76000213623048,0.012170720767135847,0
2016-04-27,108.88999938964844,0.0011952671098251976,1
2016-04-28,116.7300033569336,0.07199930215107028,1
2016-04-29,117.58000183105469,0.007281748048288779,1
2016-05-02,118.56999969482422,0.00841978098615795,1
2016-05-03,117.43000030517578,0.009614568546702968,0
2016-05-04,118.05999755859376,0.005364874834205511,1
2016-05-05,117.80999755859376,0.0021175673824313248,0
2016-05-06,119.48999786376952,0.014260252440292182,1
2016-05-09,119.23999786376952,0.0020922253282239143,0
2016-05-10,120.5,0.01056694195575232,1
2016-05-11,119.5199966430664,0.008132807941357624,0
2016-05-12,120.27999877929688,0.0063587864589733315,1
2016-05-13,119.80999755859376,0.003907559240714006,0
2016-05-16,118.66999816894531,0.009515060619969786,0
2016-05-17,117.3499984741211,0.011123280653843043,0
2016-05-18,117.6500015258789,0.0025564810878457014,1
2016-05-19,116.80999755859376,0.007139855132941672,0
2016-05-20,117.3499984741211,0.004622899810065114,1
2016-05-23,115.97000122070312,0.011759669973257785,0
2016-05-24,117.6999969482422,0.014917614118557373,1
2016-05-25,117.88999938964844,0.001614294361365091,1
2016-05-26,119.47000122070312,0.013402339801805298,1
2016-05-27,119.37999725341795,0.0007533603947898307,0
2016-05-31,118.80999755859376,0.004774666677317843,0
2016-06-01,118.77999877929688,0.00025249372875455747,0
2016-06-02,118.93000030517578,0.0012628517210007855,1
2016-06-03,118.47000122070312,0.003867813699590458,0
2016-06-06,118.79000091552734,0.0027011031613655245,1
2016-06-07,117.76000213623048,0.008670753189313487,0
2016-06-08,118.38999938964844,0.005349840709828989,1
2016-06-09,118.55999755859376,0.001435916629966557,1
2016-06-10,116.62000274658205,0.016362979520583663,0
2016-06-13,113.9499969482422,0.02289492141534097,0
2016-06-14,114.94000244140624,0.008688069501341975,1
2016-06-15,114.5999984741211,0.002958099530739685,0
2016-06-16,114.38999938964844,0.0018324527684882835,0
2016-06-17,113.0199966430664,0.011976595453203646,0
2016-06-20,113.37000274658205,0.0030968511229124297,1
2016-06-21,114.37999725341795,0.008908833751142861,1
2016-06-22,113.91000366210938,0.00410905405310748,0
2016-06-23,115.08000183105469,0.010271250384785095,1
2016-06-24,112.08000183105469,0.026068821274474824,0
2016-06-27,108.97000122070312,0.027748042108702534,0
2016-06-28,112.6999969482422,0.03422956488717023,1
2016-06-29,114.16000366210938,0.012954807039947709,1
2016-06-30,114.27999877929688,0.0010511134665224906,1
2016-07-01,114.19000244140624,0.000787507340321595,0
2016-07-05,114.1999969482422,8.752523532954958e-05,1
2016-07-06,116.6999969482422,0.02189141914892565,1
2016-07-07,115.8499984741211,0.007283620362887345,0
2016-07-08,117.23999786376952,0.011998268519260493,1
2016-07-11,117.87000274658205,0.005373634376423149,1
2016-07-12,117.93000030517578,0.0005090146533951411,1
2016-07-13,116.77999877929688,0.009751560441812654,0
2016-07-14,117.29000091552734,0.004367204500441248,1
2016-07-15,116.86000061035156,0.0036661292677921363,0
2016-07-18,119.37000274658205,0.02147871062057948,1
2016-07-19,120.61000061035156,0.010387851514102627,1
2016-07-20,121.91999816894531,0.010861433976987453,1
2016-07-21,120.61000061035156,0.010744730792880082,0
2016-07-22,121.0,0.0032335576459234768,1
2016-07-25,121.62999725341795,0.005206588871222765,1
2016-07-26,121.22000122070312,0.0033708463534747645,0
2016-07-27,123.33999633789062,0.01748882276719056,1
2016-07-28,125.0,0.013458762051214802,1
2016-07-29,123.94000244140624,0.008479980468750113,0
2016-08-01,124.30999755859376,0.002985276019842318,1
2016-08-02,123.08999633789062,0.009814184254392646,0
2016-08-03,122.51000213623048,0.004711952383750322,0
2016-08-04,124.36000061035156,0.015100795378844994,1
2016-08-05,125.1500015258789,0.0063525322583633465,1
2016-08-08,125.26000213623048,0.000878950131924932,1
2016-08-09,125.05999755859376,0.0015967154257206337,0
2016-08-10,124.87999725341795,0.001439311599950056,0
2016-08-11,124.9000015258789,0.00016018796365247515,1
2016-08-12,124.87999725341795,0.00016016230757857024,0
2016-08-15,123.9000015258789,0.007847499592351455,0
2016-08-16,123.3000030517578,0.0048426026370612,0
2016-08-17,124.37000274658205,0.008678018396926496,1
2016-08-18,123.91000366210938,0.003698633708402907,0
2016-08-19,123.55999755859376,0.0028246799545744803,0
2016-08-22,124.1500015258789,0.004775040295750689,1
2016-08-23,124.37000274658205,0.0017720597502955346,1
2016-08-24,123.4800033569336,0.007156061509960132,0
2016-08-25,123.88999938964844,0.0033203435501188124,1
2016-08-26,124.95999908447266,0.008636691420579844,1
2016-08-29,126.54000091552734,0.012644060840514332,1
2016-08-30,125.83999633789062,0.005531883772499825,0
2016-08-31,126.12000274658205,0.002225098671646338,1
2016-09-01,126.16999816894531,0.00039641152295028756,1
2016-09-02,126.51000213623048,0.0026948083713997937,1
2016-09-06,129.72999572753906,0.025452482309194616,1
2016-09-07,131.05000305175778,0.010175035594628564,1
2016-09-08,130.27000427246094,0.005951917292125423,0
2016-09-09,127.0999984741211,0.024334119093983808,0
2016-09-12,128.69000244140622,0.012509866139840037,1
2016-09-13,127.20999908447266,0.011500530956998193,0
2016-09-14,127.7699966430664,0.004402150480497124,1
2016-09-15,128.35000610351562,0.004539480908569733,1
2016-09-16,129.07000732421878,0.005609670326953198,1
2016-09-19,128.64999389648438,0.003254152040755264,0
2016-09-20,128.63999938964844,7.768758111235807e-05,0
2016-09-21,129.94000244140622,0.010105745164224514,1
2016-09-22,130.08000183105472,0.001077415630430084,1
2016-09-23,127.95999908447266,0.016297683861778205,0
2016-09-26,127.30999755859376,0.005079724371127842,0
2016-09-27,128.69000244140622,0.010839721225957272,1
2016-09-28,129.22999572753906,0.004196077984991142,1
2016-09-29,128.08999633789062,0.008821476648903906,0
2016-09-30,128.27000427246094,0.0014053239106625215,1
2016-10-03,128.77000427246094,0.0038980274681985646,1
2016-10-04,128.19000244140622,0.004504168764547883,0
2016-10-05,128.47000122070312,0.002184248178206306,1
2016-10-06,128.74000549316406,0.0021016912111418732,1
2016-10-07,128.99000549316406,0.0019418983170175078,1
2016-10-10,130.24000549316406,0.009690673282948615,1
2016-10-11,128.8800048828125,0.010442264688194789,0
2016-10-12,129.05000305175778,0.0013190422292415284,1
2016-10-13,127.81999969482422,0.00953121524871449,0
2016-10-14,127.87999725341795,0.00046939100873871504,1
2016-10-17,127.54000091552734,0.002658713991186948,0
2016-10-18,128.57000732421878,0.008075947948076553,1
2016-10-19,130.11000061035156,0.011977857963788845,1
2016-10-20,130.0,0.0008454431622130885,0
2016-10-21,132.07000732421878,0.01592313326322137,1
2016-10-24,133.27999877929688,0.009161742924021254,1
2016-10-25,132.28999328613278,0.007428012471724857,0
2016-10-26,131.03999328613278,0.009448938418919932,0
2016-10-27,129.69000244140622,0.010302128463779647,0
2016-10-28,131.28999328613278,0.012337040747990087,1
2016-10-31,130.99000549316406,0.0022849250385361024,0
2016-11-01,129.5,0.011374955574315332,0
2016-11-02,127.16999816894531,0.017992292131696428,0
2016-11-03,120.0,0.056381208399641336,0
2016-11-04,120.75,0.00625,1
2016-11-07,122.1500015258789,0.011594215535229038,1
2016-11-08,124.22000122070312,0.016946374694769572,1
2016-11-09,123.18000030517578,0.008372250082976268,0
2016-11-10,120.8000030517578,0.019321296050670494,0
2016-11-11,119.0199966430664,0.014735152017576796,0
2016-11-14,115.08000183105469,0.03310363739823921,0
2016-11-15,117.1999969482422,0.018421924604240206,1
2016-11-16,116.33999633789062,0.007337889357892814,0
2016-11-17,117.79000091552734,0.01246350888154935,1
2016-11-18,117.0199966430664,0.006537093696205531,0
2016-11-21,121.7699966430664,0.040591353070094656,1
2016-11-22,121.47000122070312,0.0024636234756795733,0
2016-11-23,120.83999633789062,0.005186505939584391,0
2016-11-25,120.37999725341795,0.003806679066643045,0
2016-11-28,120.41000366210938,0.0002492640752288145,1
2016-11-29,120.87000274658205,0.00382027298797785,1
2016-11-30,118.41999816894531,0.020269748671830935,0
2016-12-01,115.0999984741211,0.028035802619146316,0
2016-12-02,115.4000015258789,0.002606455740529525,1
2016-12-05,117.43000030517578,0.017590977057670487,1
2016-12-06,117.30999755859376,0.0010219087649676849,0
2016-12-07,117.9499969482422,0.005455625291687282,1
2016-12-08,118.91000366210938,0.008139099098819266,1
2016-12-09,119.68000030517578,0.006475457231120794,1
2016-12-12,117.7699966430664,0.015959255157411405,0
2016-12-13,120.30999755859376,0.021567470390828937,1
2016-12-14,120.20999908447266,0.0008311734365417669,0
2016-12-15,120.56999969482422,0.002994764271635896,1
2016-12-16,119.87000274658205,0.005805730695976957,0
2016-12-19,119.23999786376952,0.00525573428194897,0
2016-12-20,119.08999633789062,0.0012579799443662122,0
2016-12-21,119.04000091552734,0.00041981210765537917,0
2016-12-22,117.4000015258789,0.013776876487191956,0
2016-12-23,117.2699966430664,0.0011073669601600691,0
2016-12-27,118.01000213623048,0.006310271291440593,1
2016-12-28,116.91999816894531,0.00923653883191081,0
2016-12-29,116.3499984741211,0.004875125759073218,0
2016-12-30,115.0500030517578,0.01117314516039675,0
2017-01-03,116.86000061035156,0.01573226867086215,1
2017-01-04,118.69000244140624,0.015659779406954497,1
2017-01-05,120.66999816894531,0.016682076727705372,1
2017-01-06,123.41000366210938,0.02270660093429262,1
2017-01-09,124.9000015258789,0.012073558216958435,1
2017-01-10,124.3499984741211,0.004403547198066715,0
2017-01-11,126.08999633789062,0.013992745356821603,1
2017-01-12,126.62000274658205,0.004203397764174183,1
2017-01-13,128.33999633789062,0.013583901074074244,1
2017-01-17,127.87000274658205,0.0036620975901478997,0
2017-01-18,127.91999816894531,0.0003909863243089937,1
2017-01-19,127.5500030517578,0.0028923946410541507,0
2017-01-20,127.04000091552734,0.0039984486399698765,0
2017-01-23,128.92999267578122,0.014877139063550458,1
2017-01-24,129.3699951171875,0.003412723698144834,1
2017-01-25,131.47999572753906,0.01630981440820382,1
2017-01-26,132.77999877929688,0.009887458883492503,1
2017-01-27,132.17999267578122,0.004518798832894752,0
2017-01-30,130.97999572753906,0.00907850669341147,0
2017-01-31,130.32000732421878,0.005038848868900359,0
2017-02-01,133.22999572753906,0.022329559850933874,1
2017-02-02,130.83999633789062,0.017938898643636427,0
2017-02-03,130.97999572753906,0.0010700045365859916,1
2017-02-06,132.05999755859378,0.008245547917876754,1
2017-02-07,131.83999633789062,0.0016659187094528072,0
2017-02-08,134.19999694824222,0.01790049056360092,1
2017-02-09,134.13999938964844,0.0004470757075867749,0
2017-02-10,134.19000244140622,0.0003727676456336916,1
2017-02-13,134.05000305175778,0.0010432922505502445,0
2017-02-14,133.85000610351562,0.0014919578044689686,0
2017-02-15,133.44000244140622,0.0030631575899392844,0
2017-02-16,133.83999633789062,0.002997556123847057,1
2017-02-17,133.52999877929688,0.0023161802680503247,0
2017-02-21,133.72000122070312,0.0014229195172860952,1
2017-02-22,136.1199951171875,0.017947905134425002,1
2017-02-23,135.36000061035156,0.005583268690111605,0
2017-02-24,135.44000244140622,0.0005910300730934024,1
2017-02-27,136.41000366210938,0.007161851766229799,1
2017-02-28,135.53999328613278,0.006377907430686873,0
2017-03-01,137.41999816894528,0.013870480861273918,1
2017-03-02,136.75999450683594,0.004802821066100821,0
2017-03-03,137.16999816894528,0.002997979515777566,1
2017-03-06,137.41999816894528,0.0018225559767966735,1
2017-03-07,137.30000305175778,0.0008731998165214426,0
2017-03-08,137.72000122070312,0.003058981497524183,1
2017-03-09,138.24000549316406,0.0037758079280554527,1
2017-03-10,138.78999328613278,0.003978499501693946,1
2017-03-13,139.60000610351562,0.005836247975838568,1
2017-03-14,139.32000732421878,0.002005721827040774,0
2017-03-15,139.72000122070312,0.0028710441821432017,1
2017-03-16,139.99000549316406,0.0019324668630258314,1
2017-03-17,139.83999633789062,0.0010715704649412467,0
2017-03-20,139.94000244140622,0.0007151466399781307,1
2017-03-21,138.50999450683594,0.01021872166372898,0
2017-03-22,139.58999633789062,0.007797284484054945,1
2017-03-23,139.52999877929688,0.00042981273850398497,0
2017-03-24,140.33999633789062,0.005805185735541879,1
2017-03-27,140.32000732421878,0.0001424327646675997,0
2017-03-28,141.75999450683594,0.010262165817095293,1
2017-03-29,142.64999389648438,0.006278212642040699,1
2017-03-30,142.41000366210938,0.0016823711506721247,0
2017-03-31,142.0500030517578,0.002527916586574366,0
2017-04-03,142.27999877929688,0.0016191180753108501,1
2017-04-04,141.72999572753906,0.003865638575179994,0
2017-04-05,141.85000610351562,0.0008467535426111898,1
2017-04-06,141.1699981689453,0.0047938519937325485,0
2017-04-07,140.77999877929688,0.0027626223326978117,0
2017-04-10,141.0399932861328,0.0018468142427216182,1
2017-04-11,139.91999816894528,0.00794097540061105,0
2017-04-12,139.58000183105472,0.0024299338360485273,0
2017-04-13,139.38999938964844,0.0013612440099854289,0
2017-04-17,141.4199981689453,0.01456344636046845,1
2017-04-18,140.9600067138672,0.0032526620070281926,0
2017-04-19,142.27000427246094,0.009293398809585022,1
2017-04-20,143.8000030517578,0.010754190857875972,1
2017-04-21,143.67999267578125,0.0008345644883843797,0
2017-04-24,145.47000122070312,0.012458300641489381,1
2017-04-25,146.49000549316406,0.007011784312240534,1
2017-04-26,146.55999755859375,0.00047779413478794407,1
2017-04-27,147.6999969482422,0.007778380244532094,1
2017-04-28,150.25,0.017264746814120775,1
2017-05-01,152.4600067138672,0.014708863320247505,1
2017-05-02,152.77999877929688,0.002098859053772967,1
2017-05-03,151.8000030517578,0.006414424239881989,0
2017-05-04,150.85000610351562,0.006258214289483749,0
2017-05-05,150.24000549316406,0.004043755954063207,0
2017-05-08,151.05999755859375,0.005457880960121485,1
2017-05-09,150.47999572753906,0.003839546143443529,0
2017-05-10,150.2899932861328,0.0012626425225999525,0
2017-05-11,150.0399932861328,0.0016634507363642778,0
2017-05-12,150.3300018310547,0.0019328749526722256,1
2017-05-15,150.19000244140625,0.0009312804359955571,0
2017-05-16,149.77999877929688,0.0027298998298460647,0
2017-05-17,144.85000610351562,0.03291489328321914,0
2017-05-18,147.66000366210938,0.019399360995439745,1
2017-05-19,148.05999755859375,0.0027088845087643483,1
2017-05-22,148.24000549316406,0.0012157769656795758,1
2017-05-23,148.07000732421875,0.001146776596369944,0
2017-05-24,150.0399932861328,0.01330442266812697,1
2017-05-25,151.9600067138672,0.012796677643625494,1
2017-05-26,152.1300048828125,0.0011187033524248933,1
2017-05-30,152.3800048828125,0.0016433313085908194,1
2017-05-31,151.4600067138672,0.006037525524774954,0
2017-06-01,151.52999877929688,0.00046211582151791395,1
2017-06-02,153.61000061035156,0.013726666982187505,1
2017-06-05,153.6300048828125,0.00013022766995282101,1
2017-06-06,152.80999755859375,0.005337546691118338,0
2017-06-07,153.1199951171875,0.002028647101279378,1
2017-06-08,154.7100067138672,0.010384088606212417,1
2017-06-09,149.60000610351562,0.03302954164950945,0
2017-06-12,148.44000244140625,0.007754034858171805,0
2017-06-13,150.67999267578125,0.01509020612728157,1
2017-06-14,150.25,0.0028536812893697637,0
2017-06-15,149.8000030517578,0.002994988008267471,0
2017-06-16,150.63999938964844,0.0056074520746197554,1
2017-06-19,152.8699951171875,0.014803476743058867,1
2017-06-20,152.25,0.004055701818477998,0
2017-06-21,153.91000366210938,0.010903143921900657,1
2017-06-22,153.39999389648438,0.0033136882170743376,0
2017-06-23,155.07000732421875,0.010886659023345948,1
2017-06-26,153.58999633789062,0.009544147265265382,0
2017-06-27,150.5800018310547,0.019597594756198145,0
2017-06-28,153.24000549316406,0.01766505266146698,1
2017-06-29,151.0399932861328,0.014356644010492359,0
2017-06-30,150.97999572753906,0.0003972296163976224,0
2017-07-03,148.42999267578125,0.016889674949783343,0
2017-07-05,150.33999633789062,0.01286804390189142,1
2017-07-06,148.82000732421875,0.010110343559246102,0
2017-07-07,151.44000244140625,0.017605126920062487,1
2017-07-10,153.5,0.013602730621922599,1
2017-07-11,155.27000427246094,0.011530972459028909,1
2017-07-12,158.89999389648438,0.023378563303532163,1
2017-07-13,159.25999450683594,0.002265579761985928,1
2017-07-14,159.97000122070312,0.0044581611098618475,1
2017-07-17,159.72999572753906,0.0015003156300095175,0
2017-07-18,162.86000061035156,0.01959559861349734,1
2017-07-19,164.13999938964844,0.007859503711775849,1
2017-07-20,164.52999877929688,0.002376016760683825,1
2017-07-21,164.42999267578125,0.0006078289932389458,0
2017-07-24,166.0,0.00954818095330363,1
2017-07-25,165.27999877929688,0.004337356751223645,0
2017-07-26,165.61000061035156,0.001996622903509023,1
2017-07-27,170.44000244140625,0.029164916449814837,1
2017-07-28,172.4499969482422,0.011792973938303785,1
2017-07-31,169.25,0.018556085850222486,0
2017-08-01,169.86000061035156,0.0036041394998615212,1
2017-08-02,169.3000030517578,0.003296818300845001,0
2017-08-03,168.58999633789062,0.004193778506017668,0
2017-08-04,169.6199951171875,0.0061094893034610185,1
2017-08-07,171.97999572753906,0.013913457601039778,1
2017-08-08,171.22999572753906,0.00436097231440914,0
2017-08-09,171.17999267578125,0.00029202273553389146,0
2017-08-10,167.39999389648438,0.022082012741151808,0
2017-08-11,168.0800018310547,0.004062174189748245,1
2017-08-14,170.75,0.015885281650752578,1
2017-08-15,171.0,0.0014641288433382138,1
2017-08-16,170.0,0.005847953216374269,0
2017-08-17,166.91000366210938,0.01817644904641544,0
2017-08-18,167.41000366210938,0.0029956263197512957,1
2017-08-21,167.77999877929688,0.002210113548138238,1
2017-08-22,169.63999938964844,0.011085949599977446,1
2017-08-23,168.7100067138672,0.005482154439561964,0
2017-08-24,167.74000549316406,0.0057495180019063764,0
2017-08-25,166.32000732421875,0.00846547110076959,0
2017-08-28,167.24000549316406,0.005531494278688302,1
2017-08-29,168.0500030517578,0.004843324156831953,1
2017-08-30,169.9199981689453,0.011127611325371765,1
2017-08-31,171.97000122070312,0.012064519031594906,1
2017-09-01,172.02000427246094,0.00029076613015568633,1
2017-09-05,170.72000122070312,0.007557278336644786,0
2017-09-06,172.08999633789062,0.008024807330081962,1
2017-09-07,173.2100067138672,0.00650828287413915,1
2017-09-08,170.9499969482422,0.013047801385738666,0
2017-09-11,173.50999450683594,0.014975124915438459,1
2017-09-12,172.9600067138672,0.0031697758652576157,0
2017-09-13,173.0500030517578,0.0005203303330087665,1
2017-09-14,170.9600067138672,0.012077412892420028,0
2017-09-15,171.63999938964844,0.003977495607609223,1
2017-09-18,170.00999450683594,0.009496649316061494,0
2017-09-19,172.52000427246094,0.014763895339835888,1
2017-09-20,172.1699981689453,0.002028785618175966,0
2017-09-21,171.11000061035156,0.006156691466962821,0
2017-09-22,170.5399932861328,0.003331233254546938,0
2017-09-25,162.8699951171875,0.04497477700774007,0
2017-09-26,164.2100067138672,0.008227492090949768,1
2017-09-27,167.67999267578125,0.021131391632913377,1
2017-09-28,168.72999572753906,0.0062619459543277346,1
2017-09-29,170.8699951171875,0.012682981353855153,1
2017-10-02,169.47000122070312,0.008193327889570192,0
2017-10-03,169.9600067138672,0.002891399596592447,1
2017-10-04,168.4199981689453,0.009061005437088068,0
2017-10-05,171.24000549316406,0.016743898318951095,1
2017-10-06,172.22999572753906,0.005781302281110477,1
2017-10-09,172.5,0.0015676959830392926,1
2017-10-10,171.58999633789062,0.005275383548460145,0
2017-10-11,172.74000549316406,0.0067020757609252985,1
2017-10-12,172.5500030517578,0.0010999330517780322,0
2017-10-13,173.74000549316406,0.006896565751142287,1
2017-10-16,174.52000427246094,0.0044894598517067775,1
2017-10-17,176.11000061035156,0.009110682437345807,1
2017-10-18,176.02999877929688,0.0004542719367294413,0
2017-10-19,174.55999755859375,0.008350856279594622,0
2017-10-20,174.97999572753906,0.002406039039982993,1
2017-10-23,171.27000427246094,0.02120237481806174,0
2017-10-24,171.8000030517578,0.00309452190153355,1
2017-10-25,170.60000610351562,0.006984848235891282,0
2017-10-26,170.6300048828125,0.00017584277973983498,1
2017-10-27,177.8800048828125,0.04248959615853759,1
2017-10-30,179.8699951171875,0.011187262085392944,1
2017-10-31,180.05999755859375,0.0010563320540619412,1
2017-11-01,182.66000366210938,0.014439665326939433,1
2017-11-02,178.9199981689453,0.020475229487471436,0
2017-11-03,178.9199981689453,0.0,0
2017-11-06,180.1699981689453,0.006986362691663381,1
2017-11-07,180.25,0.0004440352548578583,1
2017-11-08,179.55999755859375,0.0038280301881067963,0
2017-11-09,179.3000030517578,0.0014479533881208506,0
2017-11-10,178.4600067138672,0.004684865162261858,0
2017-11-13,178.77000427246094,0.0017370701946166727,1
2017-11-14,178.07000732421875,0.003915628637426957,0
2017-11-15,177.9499969482422,0.0006739505309170629,0
2017-11-16,179.58999633789062,0.009216068658463878,1
2017-11-17,179.0,0.003285240547477784,0
2017-11-20,178.74000549316406,0.0014524832784130587,0
2017-11-21,181.8600006103516,0.017455494132827768,1
2017-11-22,180.8699951171875,0.005443778125159311,0
2017-11-24,182.77999877929688,0.010560091301334222,1
2017-11-27,183.02999877929688,0.0013677645347939295,1
2017-11-28,182.4199981689453,0.003332790331748402,0
2017-11-29,175.1300048828125,0.0399626869822754,0
2017-11-30,177.17999267578125,0.011705520103996404,1
2017-12-01,175.10000610351562,0.011739398680706338,0
2017-12-04,171.47000122070312,0.020731038014164965,0
2017-12-05,172.8300018310547,0.007931420077387608,1
2017-12-06,176.05999755859375,0.01868886011293605,1
2017-12-07,180.13999938964844,0.023173928704030795,1
2017-12-08,179.0,0.006328407868940775,0
2017-12-11,179.0399932861328,0.000223426179512919,1
2017-12-12,176.9600067138672,0.01161744107609239,0
2017-12-13,178.3000030517578,0.007572311748706655,1
2017-12-14,178.38999938964844,0.0005047466985432435,1
2017-12-15,180.17999267578125,0.010034157140294726,1
2017-12-18,180.82000732421875,0.0035520849953032943,1
2017-12-19,179.50999450683594,0.007244844399513258,0
2017-12-20,177.88999938964844,0.009024539951873314,0
2017-12-21,177.4499969482422,0.002473452374590621,0
2017-12-22,177.1999969482422,0.0014088475869228608,0
2017-12-26,175.99000549316406,0.006828394333615862,0
2017-12-27,177.6199951171875,0.009261830633255766,1
2017-12-28,177.9199981689453,0.0016890162144182074,1
2017-12-29,176.4600067138672,0.0082058873094849,0
2018-01-02,181.4199981689453,0.028108303674275796,1
2018-01-03,184.6699981689453,0.017914232349255536,1
2018-01-04,184.3300018310547,0.001841102189103719,0
2018-01-05,186.8500061035156,0.013671156336072665,1
2018-01-08,188.27999877929688,0.007653158303827174,1
2018-01-09,187.8699951171875,0.0021776272825983186,0
2018-01-10,187.83999633789062,0.00015967839504207518,0
2018-01-11,187.7700042724609,0.00037261534707343523,0
2018-01-12,179.3699951171875,0.044735628503712974,0
2018-01-16,178.38999938964844,0.00546354325816201,0
2018-01-17,177.60000610351562,0.00442846173460245,0
2018-01-18,179.8000030517578,0.012387369778354067,1
2018-01-19,181.2899932861328,0.008286931085012755,1
2018-01-22,185.3699951171875,0.02250538905705158,1
2018-01-23,189.3500061035156,0.021470632201354953,1
2018-01-24,186.5500030517578,0.014787446324279772,0
2018-01-25,187.47999572753903,0.0049852193008176875,1
2018-01-26,190.0,0.013441456848138819,1
2018-01-29,185.97999572753903,0.02115791722347877,0
2018-01-30,187.1199951171875,0.006129688223665553,1
2018-01-31,186.88999938964844,0.001229134959067433,0
2018-02-01,193.08999633789062,0.03317457846054012,1
2018-02-02,190.27999877929688,0.014552786844930587,0
2018-02-05,181.25999450683597,0.04740384869837574,0
2018-02-06,185.30999755859372,0.02234361234963524,1
2018-02-07,180.17999267578125,0.027683368142025905,0
2018-02-08,171.5800018310547,0.04772999885842777,0
2018-02-09,176.11000061035156,0.02640167112107455,1
2018-02-12,176.41000366210938,0.001703498101857247,1
2018-02-13,173.14999389648438,0.018479732996713318,0
2018-02-14,179.52000427246094,0.03678897257013359,1
2018-02-15,179.9600067138672,0.0024509939334585234,1
2018-02-16,177.36000061035156,0.014447688411401222,0
2018-02-20,176.00999450683594,0.00761167173471938,0
2018-02-21,177.91000366210938,0.010794893554750065,1
2018-02-22,178.99000549316406,0.006070495243796695,1
2018-02-23,183.2899932861328,0.024023619537421458,1
2018-02-26,184.92999267578125,0.008947566423270282,1
2018-02-27,181.4600067138672,0.01876378142726492,0
2018-02-28,178.32000732421875,0.017304085051642833,0
2018-03-01,175.94000244140625,0.013346819117639509,0
2018-03-02,176.6199951171875,0.003864912278875918,1
2018-03-05,180.3999938964844,0.021401873422026037,1
2018-03-06,179.77999877929688,0.003436780145033091,0
2018-03-07,183.7100067138672,0.02186009545697519,1
2018-03-08,182.33999633789062,0.007457461901410668,0
2018-03-09,185.22999572753903,0.015849508871838565,1
2018-03-12,184.75999450683597,0.002537392601327965,0
2018-03-13,181.8800048828125,0.015587733869070388,0
2018-03-14,184.19000244140625,0.012700668004061852,1
2018-03-15,183.8600006103516,0.0017916381273714239,0
2018-03-16,185.08999633789062,0.006689849469465212,1
2018-03-19,172.55999755859375,0.0676967908974549,0
2018-03-20,168.14999389648438,0.025556349817471066,0
2018-03-21,169.38999938964844,0.0073744010596124565,1
2018-03-22,164.88999938964844,0.026565913077599305,0
2018-03-23,159.38999938964844,0.03335557050372142,0
2018-03-26,160.05999755859375,0.0042035144708635055,1
2018-03-27,152.22000122070312,0.048981609755558125,0
2018-03-28,153.02999877929688,0.005321229484286615,1
2018-03-29,159.7899932861328,0.044174309356071716,1
2018-04-02,155.38999938964844,0.027536104145178805,0
2018-04-03,156.11000061035156,0.004633510673345746,1
2018-04-04,155.10000610351562,0.006469761724983078,0
2018-04-05,159.33999633789062,0.027337137766101565,1
2018-04-06,157.1999969482422,0.01343039687982942,0
2018-04-09,157.92999267578125,0.004643738814953109,1
2018-04-10,165.0399932861328,0.04501995149805316,1
2018-04-11,166.32000732421875,0.007755780963143607,1
2018-04-12,163.8699951171875,0.014730712476793468,0
2018-04-13,164.52000427246094,0.0039666148449482765,1
2018-04-16,164.8300018310547,0.001884254501235997,1
2018-04-17,168.66000366210938,0.023236072247213302,1
2018-04-18,166.36000061035156,0.013636920442416212,0
2018-04-19,168.10000610351562,0.01045927799218698,1
2018-04-20,166.27999877929688,0.010826931934184424,0
2018-04-23,165.83999633789062,0.002646153744505762,0
2018-04-24,159.69000244140625,0.03708390033942158,0
2018-04-25,159.69000244140625,0.0,0
2018-04-26,174.16000366210938,0.09061306906806821,1
2018-04-27,173.58999633789062,0.0032728945351002082,0
2018-04-30,172.0,0.009159492893793938,0
2018-05-01,173.86000061035156,0.010813957036927689,1
2018-05-02,176.07000732421875,0.012711415541865612,1
2018-05-03,174.02000427246094,0.011643113344017172,0
2018-05-04,176.61000061035156,0.014883325332158366,1
2018-05-07,177.97000122070312,0.007700586635249971,1
2018-05-08,178.9199981689453,0.005337961126741146,1
2018-05-09,182.66000366210938,0.020903227875246008,1
2018-05-10,185.52999877929688,0.015712225225268876,1
2018-05-11,186.9900054931641,0.007869383514652061,1
2018-05-14,186.63999938964844,0.0018717904338927292,0
2018-05-15,184.32000732421875,0.012430304720405827,0
2018-05-16,183.1999969482422,0.006076444940708282,0
2018-05-17,183.75999450683597,0.0030567552834184237,1
2018-05-18,182.67999267578125,0.005877241311163292,0
2018-05-21,184.4900054931641,0.00990810647006777,1
2018-05-22,183.8000030517578,0.003740053232487139,0
2018-05-23,186.8999938964844,0.01686610877723238,1
2018-05-24,185.92999267578125,0.005189947845800327,0
2018-05-25,184.9199981689453,0.005432122554843174,0
2018-05-29,185.7400054931641,0.004434389640592626,1
2018-05-30,187.6699981689453,0.010390829216661417,1
2018-05-31,191.77999877929688,0.02190014733549278,1
2018-06-01,193.9900054931641,0.011523655897039204,1
2018-06-04,193.27999877929688,0.003660016979030579,0
2018-06-05,192.94000244140625,0.0017590870242029596,0
2018-06-06,191.33999633789062,0.00829276502161095,0
2018-06-07,188.17999267578125,0.01651512345870996,0
2018-06-08,189.1000061035156,0.004889007671072952,1
2018-06-11,191.5399932861328,0.01290315760900366,1
2018-06-12,192.3999938964844,0.004489927119642714,1
2018-06-13,192.41000366210938,5.202581051201624e-05,1
2018-06-14,196.80999755859372,0.022867802155501035,1
2018-06-15,195.8500061035156,0.0048777575681454854,0
2018-06-18,198.30999755859372,0.012560589116233718,1
2018-06-19,197.4900054931641,0.004134900285031527,0
2018-06-20,202.0,0.02283657087139034,1
2018-06-21,201.5,0.0024752475247524753,0
2018-06-22,201.7400054931641,0.0011910942588788632,1
2018-06-25,196.3500061035156,0.026717553498981802,0
2018-06-26,199.0,0.013496276109547602,1
2018-06-27,195.83999633789062,0.015879415387484296,0
2018-06-28,196.22999572753903,0.0019914184892830954,1
2018-06-29,194.32000732421875,0.009733417137572893,0
2018-07-02,197.3600006103516,0.015644262924819047,1
2018-07-03,192.72999572753903,0.023459692280573045,0
2018-07-05,198.4499969482422,0.029678832291313267,1
2018-07-06,203.22999572753903,0.02408666592493584,1
2018-07-09,204.7400054931641,0.007430053620871283,1
2018-07-10,203.5399932861328,0.005861151581689025,0
2018-07-11,202.5399932861328,0.004913039368111888,0
2018-07-12,206.9199981689453,0.021625382778722464,1
2018-07-13,207.32000732421875,0.0019331585096324978,1
2018-07-16,207.22999572753903,0.0004341674392233196,0
2018-07-17,209.9900054931641,0.013318582360315495,1
2018-07-18,209.3600006103516,0.0030001660380594105,0
2018-07-19,208.08999633789062,0.006066126618066946,0
2018-07-20,209.94000244140625,0.008890413456068487,1
2018-07-23,210.91000366210938,0.004620373484914339,1
2018-07-24,214.6699981689453,0.017827483009576334,1
2018-07-25,217.5,0.013183033750377524,1
2018-07-26,176.25999450683594,0.18960922065822558,0
2018-07-27,174.88999938964844,0.007772581186222419,0
2018-07-30,171.05999755859375,0.021899490219115303,0
2018-07-31,172.5800018310547,0.008885796177684882,1
2018-08-01,171.64999389648438,0.005388851110806765,0
2018-08-02,176.3699951171875,0.027497823411223535,1
2018-08-03,177.77999877929688,0.007994577882550319,1
2018-08-06,185.69000244140625,0.04449321473969165,1
2018-08-07,183.80999755859372,0.010124427045585055,0
2018-08-08,185.17999267578125,0.007453322100996224,1
2018-08-09,183.08999633789062,0.011286296687298471,0
2018-08-10,180.25999450683597,0.0154568894404909,0
2018-08-13,180.0500030517578,0.001164936544310113,0
2018-08-14,181.1100006103516,0.005887239881296019,1
2018-08-15,179.52999877929688,0.008723989982496906,0
2018-08-16,174.6999969482422,0.02690359195619666,0
2018-08-17,173.8000030517578,0.005151653761911704,0
2018-08-20,172.5,0.007479879337923085,0
2018-08-21,172.6199951171875,0.0006956238677536232,1
2018-08-22,173.63999938964844,0.005908957834047449,1
2018-08-23,172.89999389648438,0.004261722504982789,0
2018-08-24,174.64999389648438,0.010121457847174529,1
2018-08-27,177.4600067138672,0.016089395451386712,1
2018-08-28,176.25999450683594,0.006762155762600216,0
2018-08-29,175.89999389648438,0.0020424408349655346,0
2018-08-30,177.63999938964844,0.009892015654008724,1
2018-08-31,175.72999572753906,0.010752103516504944,0
2018-09-04,171.16000366210938,0.02600575983917533,0
2018-09-05,167.17999267578125,0.023253160207831906,0
2018-09-06,162.52999877929688,0.027814296567785425,0
2018-09-07,163.0399932861328,0.0031378484628457447,1
2018-09-10,164.17999267578125,0.006992145710210839,1
2018-09-11,165.94000244140625,0.010720001487030308,1
2018-09-12,162.0,0.023743536118106742,0
2018-09-13,161.36000061035156,0.003950613516348379,0
2018-09-14,162.32000732421875,0.0059494714318041545,1
2018-09-17,160.5800018310547,0.010719599646693998,0
2018-09-18,160.3000030517578,0.0017436715413134702,0
2018-09-19,163.05999755859375,0.017217682185226086,1
2018-09-20,166.02000427246094,0.01815286862618493,1
2018-09-21,162.92999267578125,0.018612284767855848,0
2018-09-24,165.41000366210938,0.015221328778079338,1
2018-09-25,164.91000366210938,0.0030227917836298038,0
2018-09-26,166.9499969482422,0.012370342858718476,1
2018-09-27,168.83999633789062,0.011320751268024131,1
2018-09-28,164.4600067138672,0.02594165907974787,0
2018-10-01,162.44000244140625,0.012282647391443963,0
2018-10-02,159.3300018310547,0.019145534127121003,0
2018-10-03,162.42999267578125,0.019456416300136826,1
2018-10-04,158.85000610351562,0.022040181824125704,0
2018-10-05,157.3300018310547,0.009568802102975161,0
2018-10-08,157.25,0.0005084969816538595,0
2018-10-09,157.89999389648438,0.004133506495926073,1
2018-10-10,151.3800048828125,0.04129188895311947,0
2018-10-11,153.35000610351562,0.013013615782534543,1
2018-10-12,153.74000549316406,0.002543197744545095,1
2018-10-15,153.52000427246094,0.0014309952702122623,0
2018-10-16,158.77999877929688,0.03426260005504375,1
2018-10-17,159.4199981689453,0.004030730536394778,1
2018-10-18,154.9199981689453,0.028227324373891447,0
2018-10-19,154.0500030517578,0.005615770252196504,0
2018-10-22,154.77999877929688,0.0047386933662948265,1
2018-10-23,154.38999938964844,0.0025197014648161583,0
2018-10-24,146.0399932861328,0.05408385346541738,0
2018-10-25,150.9499969482422,0.03362095239548058,1
2018-10-26,145.3699951171875,0.036965895620176534,0
2018-10-29,142.08999633789062,0.022563107171137763,0
2018-10-30,146.22000122070312,0.029066119989132316,1
2018-10-31,151.7899932861328,0.03809322950984245,1
2018-11-01,151.75,0.00026347775151042314,0
2018-11-02,150.35000610351562,0.009225659943883855,0
2018-11-05,148.67999267578125,0.01110750488819119,0
2018-11-06,149.94000244140625,0.008474642370830876,1
2018-11-07,151.52999877929688,0.010604217100182894,1
2018-11-08,147.8699951171875,0.024153657306103214,0
2018-11-09,144.9600067138672,0.019679370388929387,0
2018-11-12,141.5500030517578,0.023523754857712534,0
2018-11-13,142.16000366210938,0.004309435515367071,1
2018-11-14,144.22000122070312,0.014490697140737424,1
2018-11-15,143.85000610351562,0.0025654910141159138,0
2018-11-16,139.52999877929688,0.03003133222747337,0
2018-11-19,131.55000305175778,0.057191971600039485,0
2018-11-20,132.42999267578122,0.006689392653812477,1
2018-11-21,134.82000732421878,0.018047381866801555,1
2018-11-23,131.72999572753906,0.022919532923987854,0
2018-11-26,136.3800048828125,0.03529954684649945,1
2018-11-27,135.0,0.010118821186421715,0
2018-11-28,136.75999450683594,0.01303699634693287,1
2018-11-29,138.67999267578122,0.014039179921503383,1
2018-11-30,140.61000061035156,0.013916989014287664,1
2018-12-03,141.08999633789062,0.0034136670610591387,1
2018-12-04,137.92999267578122,0.022397078064568383,0
2018-12-06,139.6300048828125,0.012325181594313093,1
2018-12-07,137.41999816894528,0.01582759175380687,0
2018-12-10,141.85000610351562,0.0322369960238542,1
2018-12-11,142.0800018310547,0.0016214008998436148,1
2018-12-12,144.5,0.017032644550658844,1
2018-12-13,145.00999450683594,0.0035293737497296713,1
2018-12-14,144.05999755859375,0.006551251529062043,0
2018-12-17,140.19000244140622,0.026863773308155717,0
2018-12-18,143.66000366210938,0.02475213039641307,1
2018-12-19,133.24000549316406,0.07253235349661633,0
2018-12-20,133.39999389648438,0.0012007535028848433,1
2018-12-21,124.9499969482422,0.0633433083572642,0
2018-12-24,124.05999755859376,0.0071228444288566105,0
2018-12-26,134.17999267578122,0.081573394457047,1
2018-12-27,134.52000427246094,0.002533996238181985,1
2018-12-28,133.19999694824222,0.009812721396775593,0
2018-12-31,131.08999633789062,0.015840845785991105,0
